<?xml version="1.0" encoding="utf-8" standalone="yes" ?>
<Window size="390,240" caption="0,0,0,26" mininfo="390,240" roundcorner="4,4">
    <Font name="微软雅黑" size="12" bold="false" italic="false" default="true" />
    <Font name="微软雅黑" size="12" bold="true" italic="false" />
    <Default name="VScrollBar" value="width=&quot;10&quot; button1normalimage=&quot;file=&apos;SysBtn\scrollbar.bmp&apos; fade=&apos;0&apos; source=&apos;0,0,10,10&apos;&quot; button1hotimage=&quot;file=&apos;SysBtn\scrollbar.bmp&apos; fade=&apos;200&apos; source=&apos;11,0,21,10&apos;&quot; button1pushedimage=&quot;file=&apos;SysBtn\scrollbar.bmp&apos; fade=&apos;200&apos; source=&apos;22,0,32,10&apos;&quot; button1disabledimage=&quot;file=&apos;SysBtn\scrollbar.bmp&apos; fade=&apos;200&apos; source=&apos;0,0,10,10&apos;&quot; button2normalimage=&quot;file=&apos;SysBtn\scrollbar.bmp&apos; fade=&apos;0&apos; source=&apos;0,11,10,21&apos;&quot; button2hotimage=&quot;file=&apos;SysBtn\scrollbar.bmp&apos; fade=&apos;200&apos; source=&apos;11,11,21,21&apos;&quot; button2pushedimage=&quot;file=&apos;SysBtn\scrollbar.bmp&apos; fade=&apos;200&apos; source=&apos;22,11,32,21&apos;&quot; button2disabledimage=&quot;file=&apos;SysBtn\scrollbar.bmp&apos; fade=&apos;200&apos; source=&apos;0,11,10,21&apos;&quot; bknormalimage=&quot;file=&apos;SysBtn\scrollbar.bmp&apos; source=&apos;0,22,10,113&apos; fade=&apos;0&apos; corner=&apos;4,4,4,4&apos;&quot; bkhotimage=&quot;file=&apos;SysBtn\scrollbar.bmp&apos; fade=&apos;200&apos; source=&apos;11,22,21,113&apos; corner=&apos;4,4,4,4&apos;&quot; bkpushedimage=&quot;file=&apos;SysBtn\scrollbar.bmp&apos; fade=&apos;200&apos; source=&apos;22,22,32,113&apos; corner=&apos;4,4,4,4&apos;&quot; bkdisabledimage=&quot;file=&apos;SysBtn\scrollbar.bmp&apos; fade=&apos;200&apos; source=&apos;0,22,10,113&apos; corner=&apos;4,4,4,4&apos;&quot; thumbnormalimage=&quot;file=&apos;SysBtn\scrollbar.bmp&apos; fade=&apos;200&apos; source=&apos;33,0,43,36&apos; corner=&apos;4,4,4,4&apos;&quot; thumbhotimage=&quot;file=&apos;SysBtn\scrollbar.bmp&apos; fade=&apos;200&apos; source=&apos;33,36,43,71&apos; corner=&apos;4,4,4,4&apos;&quot; thumbpushedimage=&quot;file=&apos;SysBtn\scrollbar.bmp&apos; fade=&apos;200&apos; source=&apos;33,72,43,107&apos; corner=&apos;4,4,4,4&apos;&quot; thumbdisabledimage=&quot;file=&apos;SysBtn\scrollbar.bmp&apos; fade=&apos;200&apos; source=&apos;33,0,43,36&apos; corner=&apos;4,4,4,4&apos;&quot;" />
    <VerticalLayout width="390" height="231">
        <HorizontalLayout name="background" height="26">
            <Label text="添加/查找" padding="10,2,0,0" textcolor="#FFEBEBEB" disabledtextcolor="#FFA7A6AA" font="0" />
            <Label textcolor="#FF000000" disabledtextcolor="#FFA7A6AA" />
            <Button name="btnclose" tooltip="关闭" width="26" height="26" textcolor="#FF000000" disabledtextcolor="#FFA7A6AA" align="center" normalimage=" file=&apos;SysBtn\window_close_normal.png&apos; " hotimage=" file=&apos;SysBtn\window_close_hover.png&apos; " pushedimage=" file=&apos;SysBtn\window_close_pressed.png&apos; " />
        </HorizontalLayout>
        <TabLayout name="tabs" bkcolor="#FFEBEBEB">
            <VerticalLayout name="VerifyInfoTab">
                <Label height="10" textcolor="#FF000000" disabledtextcolor="#FFA7A6AA" />
                <Label text="入群验证信息:" width="120"  height="26" textpadding="10,0,0,0" textcolor="#FF2E2E2E" disabledtextcolor="#FFA7A6AA" font="1" endellipsis="true" />
                <RichEdit name="verifyInfoEdit" padding="10,2,10,12" bordercolor="#FFc8c8c8" bordersize="1" align="left,top" textcolor="#FF2E2E2E" multiline="true" vscrollbar="true" textpadding="4,1,4,1" maxchar="60" tipvalue="60字以内"/>
            </VerticalLayout>
            <VerticalLayout name="ShowInfoTab">
                <Label height="10" />
                <HorizontalLayout height="120">
                    <Edit name="ShowInfoEdit" text="待群主通过您的身份验证后，就可以成功入群。" bordersize="1" padding="1,1,1,1" bkcolor="#FFFFFFFF" bordercolor="#FFC8C8C8" textpadding="4,3,4,3" textcolor="#FF2E2E2E" font="0" align="left,vcenter" />
                </HorizontalLayout>
            </VerticalLayout>
        </TabLayout>
        <TabLayout name="tabsB" width="390" height="37" bkcolor="#FFEBEBEB">
            <HorizontalLayout height="40" bkcolor="#FFEBEBEB">
                <Label height="24" textcolor="#FF000000" disabledtextcolor="#FFA7A6AA" />
                <Label textcolor="#FF000000" disabledtextcolor="#FFA7A6AA" font="0" />
                <Button name="btnAdd" text="入群" width="60" height="24" padding="0,4,0,0" textcolor="#FFEBEBEB" disabledtextcolor="#FFA7A6AA" font="0" align="center" normalimage=" file=&apos;SysBtn\blue_button_normal.png&apos; " hotimage=" file=&apos;SysBtn\blue_button_hover.png&apos; " pushedimage=" file=&apos;SysBtn\blue_button_pressed.png&apos; " />
                <Label width="20" textcolor="#FF000000" disabledtextcolor="#FFA7A6AA" />
                <Button name="btnCancel" text="取消" width="60" height="24" padding="0,4,0,0" textcolor="#FFEBEBEB" disabledtextcolor="#FFA7A6AA" font="0" align="center" normalimage=" file=&apos;SysBtn\blue_button_normal.png&apos; " hotimage=" file=&apos;SysBtn\blue_button_hover.png&apos; " pushedimage=" file=&apos;SysBtn\blue_button_pressed.png&apos; " />
                <Label textcolor="#FF000000" disabledtextcolor="#FFA7A6AA" />
            </HorizontalLayout>
            <HorizontalLayout height="40" bkcolor="#FFEBEBEB">
                <Label height="24" />
                <Label disabledtextcolor="#FFA7A6AA" font="0" />
                <Button name="btnReAdd" text="继续入群" width="60" height="24" padding="0,4,0,0" textcolor="#FFEBEBEB" disabledtextcolor="#FFA7A6AA" font="0" align="center" normalimage=" file=&apos;SysBtn\blue_button_normal.png&apos; " hotimage=" file=&apos;SysBtn\blue_button_hover.png&apos; " pushedimage=" file=&apos;SysBtn\blue_button_pressed.png&apos; " />
                <Label width="20" />
                <Button name="btnReCancel" text="取消" width="60" height="24" padding="0,4,0,0" textcolor="#FFEBEBEB" disabledtextcolor="#FFA7A6AA" font="0" align="center" normalimage=" file=&apos;SysBtn\blue_button_normal.png&apos; " hotimage=" file=&apos;SysBtn\blue_button_hover.png&apos; " pushedimage=" file=&apos;SysBtn\blue_button_pressed.png&apos; " />
                <Label />
            </HorizontalLayout>
        </TabLayout>
    </VerticalLayout>
</Window>
