<?xml version="1.0" encoding="UTF-8"?>
<Window height="32"  roundcorner="2,2"> 
    <Font name="微软雅黑" size="12" bold="false" default="true" />  
    <ListContainerElement height="32">
        <HorizontalLayout height="32">
            <Button name="name" textcolor="#FF2e2e2e" align="left,vcenter" padding="20,0,0,0" autocalcwidth="true" hottextcolor="#50A8DE" pushedtextcolor="#50A8DE" tooltip="查看资料"/>
            <Label></Label>
            <Label name="nickname" textcolor="#FF2e2e2e" align="left,vcenter" padding="30,0,0,0"/>
            <Label name="sex" textcolor="#FF2e2e2e" align="left,vcenter" padding="5,0,0,0"/>
        </HorizontalLayout>
    </ListContainerElement>
</Window>