<?xml version="1.0" encoding="UTF-8"?>
<Window size="600,357" mininfo="600,357" caption="0,0,0,26" bordercolor="#FF90636E" bordersize="1" roundcorner="4,4,4,4"> <!-- 窗口的初始尺寸(宽800，高600)、窗口的最小尺寸(宽600，高400)、标题栏拖拽区域(高32)、可拖拽边框大小(这里添加sizebox后就可以拖拽边框调整大小了) -->
    <Font name="微软雅黑" size="12" default="true" />
    <Font name="微软雅黑" size="12" bold="true" default="true" />
    <Default name="VScrollBar" value="width=&quot;10&quot; button1normalimage=&quot;file='SysBtn\scrollbar.bmp' source='0,0,10,10'&quot; button1hotimage=&quot;file='SysBtn\scrollbar.bmp' source='11,0,21,10'&quot; button1pushedimage=&quot;file='SysBtn\scrollbar.bmp' source='22,0,32,10'&quot; button1disabledimage=&quot;file='SysBtn\scrollbar.bmp' source='0,0,10,10'&quot; button2normalimage=&quot;file='SysBtn\scrollbar.bmp' source='0,11,10,21'&quot; button2hotimage=&quot;file='SysBtn\scrollbar.bmp' source='11,11,21,21'&quot; button2pushedimage=&quot;file='SysBtn\scrollbar.bmp' source='22,11,32,21'&quot; button2disabledimage=&quot;file='SysBtn\scrollbar.bmp' source='0,11,10,21'&quot; bknormalimage=&quot;file='SysBtn\scrollbar.bmp' source='0,22,10,113' corner='4,4,4,4'&quot; bkhotimage=&quot;file='SysBtn\scrollbar.bmp' source='11,22,21,113' corner='4,4,4,4'&quot; bkpushedimage=&quot;file='SysBtn\scrollbar.bmp' source='22,22,32,113' corner='4,4,4,4'&quot; bkdisabledimage=&quot;file='SysBtn\scrollbar.bmp' source='0,22,10,113' corner='4,4,4,4'&quot; thumbnormalimage=&quot;file='SysBtn\scrollbar.bmp' source='33,0,43,35' corner='4,4,4,4'&quot; thumbhotimage=&quot;file='SysBtn\scrollbar.bmp' source='33,36,43,71' corner='4,4,4,4'&quot; thumbpushedimage=&quot;file='SysBtn\scrollbar.bmp' source='33,72,43,107' corner='4,4,4,4'&quot; thumbdisabledimage=&quot;file='SysBtn\scrollbar.bmp' source='33,0,43,35' corner='4,4,4,4'&quot;" />
    <VerticalLayout name="background"> <!-- 整个窗口的背景色 -->
        <!-- 标题栏区 -->
        <HorizontalLayout height="26"> <!-- 标题栏背景色 bkcolor、bkcolor2、bkcolor3分别是渐变色的三个值-->         
            <VerticalLayout> <!-- 占空位，占据左边所有的空位-->
                <Label text="添加|查找" textcolor="#FFFFFFFF" padding="10,2,0,0" align="left,vcenter" font="0"></Label>
            </VerticalLayout>      
            <VerticalLayout width="26"> <!-- 右边三个控件所占的宽度-->
                <Button name="closebtn" tooltip="关闭" width="26" height="26" normalimage=" file='SysBtn\window_close_normal.png' " hotimage=" file='SysBtn\window_close_hover.png' " pushedimage=" file='SysBtn\window_close_pressed.png' "/>
            </VerticalLayout>      
        </HorizontalLayout>        
        <!-- 客户区 -->
        <HorizontalLayout height="35" bkcolor="#FFE1E1E1" bkcolor2="#FFE1E1E1">
            <Option name="addfriendBtn" selected="true" group="mainTab" text="添加联系人" textcolor="#595959" width="100" align="center,vcenter" normalimage="file='SysBtn\gray.png'" hotimage="file='SysBtn\gray.png'" pushedimage="file='SysBtn\white.png'" focusedimage="file='SysBtn\white.png'" selectedimage="file='SysBtn\white.png'" font="1"/>
            <Option name="addClusterBtn" group="mainTab" text="加入群" textcolor="#595959" width="100" align="center,vcenter" normalimage="file='SysBtn\gray.png'" hotimage="file='SysBtn\gray.png'" pushedimage="file='SysBtn\white.png'" focusedimage="file='SysBtn\white.png'" selectedimage="file='SysBtn\white.png'" font="1"/>
        </HorizontalLayout>
        <TabLayout name="tabs" selectedid="0" bkcolor="#FFFFFFFF">
            <VerticalLayout>
                <Label height="10"/>
                <Label text="看谁在线上" align="left,vcenter" textcolor="#FF2E2E2E" endellipsis="true" textpadding="20,0,0,0" height="26" font="1"/>
                <Option name="checkboxPreciseSearch" height="26" padding="45,0,0,0" align="left,vcenter" endellipsis="true" textpadding="20,0,0,0" text="精确查找" textcolor="#FF2E2E2E" font="0" normalimage="file='SysBtn\radiobox_normal.png' source='0,0,16,16' dest='0,4,16,20'" selectedimage="file='SysBtn\radiobox_pressed.png' source='0,0,16,16' dest='0,4,16,20'" hotimage="file='SysBtn\radiobox_hover.png' source='0,0,16,16' dest='0,4,16,20'" selectedhotimage="file='SysBtn\radioboxed_hover.png' source='0,0,16,16' dest='0,4,16,20'" selected="true" group="SearchFriendTypeSel" hottextcolor="#50A8DE" pushedtextcolor="#50A8DE" width="70"/>
                <Option name="checkboxSearchOnline" height="26" padding="45,0,0,0" align="left,vcenter" endellipsis="true" textpadding="20,0,0,0" text="查找在线用户" textcolor="#FF2E2E2E" font="0" normalimage="file='SysBtn\radiobox_normal.png' source='0,0,16,16' dest='0,4,16,20'" selectedimage="file='SysBtn\radiobox_pressed.png' source='0,0,16,16' dest='0,4,16,20'" hotimage="file='SysBtn\radiobox_hover.png' source='0,0,16,16' dest='0,4,16,20'" selectedhotimage="file='SysBtn\radioboxed_hover.png' source='0,0,16,16' dest='0,4,16,20'" group="SearchFriendTypeSel" hottextcolor="#50A8DE" pushedtextcolor="#50A8DE" width="100"/>
                <HorizontalLayout height="26">
                    <Label width="65"/>
                    <Label name="labelFriendName" text="昵称：" textcolor="#FF2E2E2E" align="left,vcenter" width="55" font="0"/>
                    <Edit name="friendname" height="24" padding="0,1,0,1" textcolor="#FF2E2E2E" align="left,vcenter" bordercolor="#FFc8c8c8" bordersize="1" font="0" width="160"/>
                </HorizontalLayout>
            </VerticalLayout>
            <VerticalLayout>
                <Label height="10"/>
                <Label text="以下是符合条件用户" align="left,vcenter" textcolor="#FF2E2E2E" endellipsis="true" textpadding="20,0,0,0" height="26" font="1"/>
                <HorizontalLayout height="30" padding="20,0,20,0" bkcolor="#FFD8E5E9">
                    <Label text="用户名" textcolor="#FF2e2e2e" align="left,vcenter" font="0" padding="20,0,0,0"/>
                    <Label></Label>
                    <Label text="| 昵称" textcolor="#FF2e2e2e" align="left,vcenter" font="0"/>
                    <Label text="| 性别" textcolor="#FF2e2e2e" align="left,vcenter" font="0"/>
                </HorizontalLayout>
                <ResultList name="result" header="hidden" vscrollbar="false" padding="20,0,20,0" bkcolor="#FFFFFFFF" itembkcolor="#FFECECEC" itemselectedbkcolor="#FFCEDBDF" itemhotbkcolor="#FFEDFAFE" itemaltbk="true">
                </ResultList>
                <HorizontalLayout height="32" padding="10,0,10,0" bkcolor="#FFEBEBEB">
                    <Label></Label>
                    <Button name="firstbtn" width="22" height="22" normalimage=" file='SysBtn\forwardest_normal.png' " hotimage=" file='SysBtn\forwardest_hover.png' " pushedimage=" file='SysBtn\forwardest_pressed.png' " disabledimage="file='SysBtn\forwardest_disable.png'" padding="0,5,0,0" tooltip="第一页"/>
                    <Label width="6"/>
                    <Button name="prevbtn" width="22" height="22" normalimage=" file='SysBtn\forward_normal.png' " hotimage=" file='SysBtn\forward_hover.png' " pushedimage=" file='SysBtn\forward_pressed.png' " disabledimage="file='SysBtn\forward_disable.png'" padding="0,5,0,0" tooltip="上一页"/>
                    <Label width="55" text="当前第" align="center,vcenter" font="0" textcolor="#FF2E2E2E"/>
                    <Label name="pageNo" width="20" height="24" padding="0,4,0,0" textcolor="#FF2E2E2E" align="center" valign="vcenter" font="0"/>
                    <Label name="LabelPageNo" width="40" text="/0页" align="center,vcenter" font="0" textcolor="#FF2E2E2E"/>
                    <Button name="nextbtn" width="22" height="22" normalimage=" file='SysBtn\backward_normal.png' " hotimage=" file='SysBtn\backward_hover.png' " pushedimage=" file='SysBtn\backward_pressed.png' " disabledimage="file='SysBtn\backward_disable.png'" padding="0,5,0,0" tooltip="下一页"/>
                    <Label width="6"/>
                    <Button name="lastbtn" width="22" height="22" normalimage=" file='SysBtn\backwardest_normal.png' " hotimage=" file='SysBtn\backwardest_hover.png' " pushedimage=" file='SysBtn\backwardest_pressed.png' " disabledimage="file='SysBtn\backwardest_disable.png'" padding="0,5,0,0" tooltip="最后一页"/>
                    <Label width="6"/>
                </HorizontalLayout>
                <Label height="6"/>
            </VerticalLayout>
            <VerticalLayout>
                <Label height="10"/>
                <Label text="请选择查找方式" align="left,vcenter" textcolor="#FF2E2E2E" endellipsis="true" textpadding="20,0,0,0" height="26" font="1"/>
                <Option name="checkboxClusterID" height="26" padding="45,0,0,0" align="left,vcenter" endellipsis="true" textpadding="20,0,0,0" text="按照群号查找" textcolor="#FF2E2E2E" font="0" normalimage="file='SysBtn\radiobox_normal.png' source='0,0,16,16' dest='0,4,16,20'" selectedimage="file='SysBtn\radiobox_pressed.png' source='0,0,16,16' dest='0,4,16,20'" hotimage="file='SysBtn\radiobox_hover.png' source='0,0,16,16' dest='0,4,16,20'" selectedhotimage="file='SysBtn\radioboxed_hover.png' source='0,0,16,16' dest='0,4,16,20'" selected="true" group="SearchClusterTypeSel" hottextcolor="#50A8DE" pushedtextcolor="#50A8DE" width="100"/>
                <Option name="checkboxKeyWord" height="26" padding="45,0,0,0" align="left,vcenter" endellipsis="true" textpadding="20,0,0,0" text="关键字" textcolor="#FF2E2E2E" font="0" normalimage="file='SysBtn\radiobox_normal.png' source='0,0,16,16' dest='0,4,16,20'" selectedimage="file='SysBtn\radiobox_pressed.png' source='0,0,16,16' dest='0,4,16,20'" hotimage="file='SysBtn\radiobox_hover.png' source='0,0,16,16' dest='0,4,16,20'" selectedhotimage="file='SysBtn\radioboxed_hover.png' source='0,0,16,16' dest='0,4,16,20'" group="SearchClusterTypeSel" hottextcolor="#50A8DE" pushedtextcolor="#50A8DE" width="70"/>
                <Edit name="clusterSearchValue" height="24" padding="65,5,0,1" textcolor="#FF2E2E2E" align="left,vcenter" bordercolor="#FFc8c8c8" bordersize="1" font="0" width="160"/>
            </VerticalLayout>
            <VerticalLayout>
                <Label height="10"/>
                <Label text="以下是符合条件群" align="left,vcenter" textcolor="#FF2E2E2E" endellipsis="true" textpadding="20,0,0,0" height="26" font="1"/>
                <HorizontalLayout height="30" padding="20,0,20,0" bkcolor="#FFD8E5E9">
                    <Label text="群名称" textcolor="#FF2e2e2e" align="left,vcenter" font="0" padding="20,0,0,0"/>
                    <Label></Label>
                    <Label text="| 群成员" textcolor="#FF2e2e2e" align="left,vcenter" font="0"/>
                    <Label text="| 群等级" textcolor="#FF2e2e2e" align="left,vcenter" font="0"/>
                </HorizontalLayout>
                <ResultList name="resultC" header="hidden" vscrollbar="false" padding="20,0,20,0" bkcolor="#FFFFFFFF" itembkcolor="#FFECECEC" itemselectedbkcolor="#FFCEDBDF" itemhotbkcolor="#FFEDFAFE" itemaltbk="true">
                </ResultList>
                <HorizontalLayout height="32" padding="10,0,10,0" bkcolor="#FFEBEBEB">
                    <Label></Label>
                    <Button name="prevbtnC" width="22" height="22" normalimage=" file='SysBtn\forward_normal.png' " hotimage=" file='SysBtn\forward_hover.png' " pushedimage=" file='SysBtn\forward_pressed.png' " disabledimage="file='SysBtn\forward_disable.png'" padding="0,5,0,0" tooltip="上一页"/>
                    <Label name="labelPageNoC" textcolor="#FF2E2E2E" align="center" valign="vcenter" width="22" font="0"/>
                    <Button name="nextbtnC" width="22" height="22" normalimage=" file='SysBtn\backward_normal.png' " hotimage=" file='SysBtn\backward_hover.png' " pushedimage=" file='SysBtn\backward_pressed.png' " disabledimage="file='SysBtn\backward_disable.png'" padding="0,5,0,0" tooltip="下一页"/>
                    <Label width="6"/>
                </HorizontalLayout>
                <Label height="6"/>
            </VerticalLayout>
        </TabLayout>
        <HorizontalLayout height="32" bkcolor="#FFEBEBEB">
            <Label></Label>
            <Button name="backbtn" width="63" height="24" normalimage=" file='SysBtn\blue_button_normal.png' " hotimage=" file='SysBtn\blue_button_hover.png' " pushedimage=" file='SysBtn\blue_button_pressed.png' " text="返回" textcolor="#FFFFFFFF" align="center,vcenter" font="0" padding="0,4,0,0"/>
            <Label width="6"/>
            <Button name="searchbtn" width="63" height="24" normalimage=" file='SysBtn\blue_button_normal.png' " hotimage=" file='SysBtn\blue_button_hover.png' " pushedimage=" file='SysBtn\blue_button_pressed.png' " text="查找" textcolor="#FFFFFFFF" align="center,vcenter" font="0" padding="0,4,0,0"/>
            <Label width="6"/>
            <Button name="closebtn" width="63" height="24" normalimage=" file='SysBtn\button_normal.png' " hotimage=" file='SysBtn\button_hover.png' " pushedimage=" file='SysBtn\button_pressed.png' " text="关闭" textcolor="#FF2e2e2e" align="center,vcenter" font="0" padding="0,4,0,0"/>
            <Label width="6"/>
        </HorizontalLayout>
    </VerticalLayout>
</Window>