<?xml version="1.0" encoding="utf-8" standalone="yes" ?>
<Window size="450,320" caption="0,0,0,26" mininfo="450,320" roundcorner="4,4" showshadow="true" shadowimage="menu\shadow.png" showshadow="true" shadowcorner="30,30,30,30">
	<Font name="微软雅黑" size="12" bold="false" default="true" />
    <Font name="微软雅黑" size="12" bold="true"/>
    <Default name="VScrollBar" value="width=&quot;10&quot; button1normalimage=&quot;file='SysBtn\scrollbar.bmp' fade='0' source='0,0,10,10'&quot; button1hotimage=&quot;file='SysBtn\scrollbar.bmp' fade='200' source='11,0,21,10'&quot; button1pushedimage=&quot;file='SysBtn\scrollbar.bmp' fade='200' source='22,0,32,10'&quot; button1disabledimage=&quot;file='SysBtn\scrollbar.bmp' fade='200' source='0,0,10,10'&quot; button2normalimage=&quot;file='SysBtn\scrollbar.bmp' fade='0' source='0,11,10,21'&quot; button2hotimage=&quot;file='SysBtn\scrollbar.bmp' fade='200' source='11,11,21,21'&quot; button2pushedimage=&quot;file='SysBtn\scrollbar.bmp' fade='200' source='22,11,32,21'&quot; button2disabledimage=&quot;file='SysBtn\scrollbar.bmp' fade='200' source='0,11,10,21'&quot; bknormalimage=&quot;file='SysBtn\scrollbar.bmp' source='0,22,10,113' fade='0' corner='4,4,4,4'&quot; bkhotimage=&quot;file='SysBtn\scrollbar.bmp' fade='200' source='11,22,21,113' corner='4,4,4,4'&quot; bkpushedimage=&quot;file='SysBtn\scrollbar.bmp' fade='200' source='22,22,32,113' corner='4,4,4,4'&quot; bkdisabledimage=&quot;file='SysBtn\scrollbar.bmp' fade='200' source='0,22,10,113' corner='4,4,4,4'&quot; thumbnormalimage=&quot;file='SysBtn\scrollbar.bmp' fade='200' source='33,0,43,36' corner='4,4,4,4'&quot; thumbhotimage=&quot;file='SysBtn\scrollbar.bmp' fade='200' source='33,36,43,71' corner='4,4,4,4'&quot; thumbpushedimage=&quot;file='SysBtn\scrollbar.bmp' fade='200' source='33,72,43,107' corner='4,4,4,4'&quot; thumbdisabledimage=&quot;file='SysBtn\scrollbar.bmp' fade='200' source='33,0,43,36' corner='4,4,4,4'&quot;" />
    <VerticalLayout height="180">
        <HorizontalLayout height="26" name= "background">
        	  <Label text="添加好友" padding="10,2,0,0" textcolor="#FFFFFFFF" disabledtextcolor="#FFA7A6AA" font="0" />   
        	  <Label name=""></Label>     
            <Button name="closebtn" tooltip="关闭" width="26" height="26" normalimage=" file='SysBtn\window_close_normal.png' " hotimage=" file='SysBtn\window_close_hover.png' " pushedimage=" file='SysBtn\window_close_pressed.png' "/>
        </HorizontalLayout>
        <HorizontalLayout bkcolor="#FFEBEBEB">
            <VerticalLayout width="120" bkcolor="#FFF0F0F0">
                <HorizontalLayout name= "BkLayout" width="100"  height="100" padding="10,0,0,0" bkimage="SysBtn\icon_100x100_bg.png" padding="10,10,10,10">
                    <Label name="lblPic" width="100" height="100" bkimage="file='SysBtn\icon_100x100.png'"/>
                </HorizontalLayout>
                <Label name="userName" height="36" align="center,vcenter" font="1" textcolor="#FF2E2E2E"/>
            </VerticalLayout>
            <TabLayout name="page" bkcolor="#FFFFFFFF">
                <VerticalLayout>
                    <Label name="lblGetUserInfo" text="正在获取好友资料..." textcolor="#FF2E2E2E" align="left,vcenter" padding="50,10,0,0"/> 
                </VerticalLayout>
                <VerticalLayout>
                    <Label height="10"></Label>
                    <HorizontalLayout height="36">
                        <Label text="备注名:" width="60" padding="20,0,0,0" textcolor="#FF2E2E2E" align="left,vcenter"/>
                        <Edit name="BackNameEdit" padding="0,6,0,0" textcolor="#FF2E2E2E" align="left,vcenter" width="220" height="24" bordersize="1" bordercolor="#FFC8C8C8" maxchar="15"/>
                    </HorizontalLayout>
                    <HorizontalLayout  height="36">
                        <Label text="选择组:" width="60" padding="20,0,0,0" textcolor="#FF2E2E2E" align="left,vcenter"/>
                        <Combo name="FriGroupCombo" padding="0,6,0,0" bordersize="1" width="220" height="24" bordercolor="#FFC8C8C8" itemtextpadding="4,0,0,0" itemtextcolor="#FF000000" itemselectedtextcolor="#FF000000" itemselectedbkcolor="#FF3E9FDB" itemhottextcolor="#FF000000" itemhotbkcolor="#FF3E9FDB" itemdisabledtextcolor="#FFCCCCCC" itemdisabledbkcolor="#FFFFFFFF" normalimage="file=&apos;SysBtn\window_drop_down_chat_normal.png&apos; source=&apos;0,0,26,26&apos; corner=&apos;0,26,26,0&apos;" hotimage="file=&apos;SysBtn\window_drop_down_chat_normal.png&apos; source=&apos;0,0,26,26&apos; corner=&apos;0,26,26,0&apos;" pushedimage="file=&apos;SysBtn\window_drop_down_chat_pressed.png&apos; source=&apos;0,0,26,26&apos; corner=&apos;0,26,26,0&apos;" textpadding="2,0,0,0"/>
                    </HorizontalLayout>
                    <HorizontalLayout name="hLVeriInfo" height="72">
                        <Label text="验证信息:" width="60" padding="20,8,0,0" textcolor="#FF2E2E2E" align="left,top"/>
                        <RichEdit name="editVeriInfo" padding="0,6,0,0" textcolor="#FF2E2E2E" align="left" width="220" height="50" bordersize="1" bordercolor="#FFC8C8C8" maxchar="20" tipvalue="请输入验证信息..." inset="4,2,2,2"/>
                    </HorizontalLayout>
                </VerticalLayout>
            </TabLayout>
        </HorizontalLayout>
        <HorizontalLayout height="32" bkcolor="#FFEBEBEB">
            <Label></Label>
            <Button name="btnSendMsg" width="63" height="24" normalimage=" file='SysBtn\blue_button_normal.png' " hotimage=" file='SysBtn\blue_button_hover.png' " pushedimage=" file='SysBtn\blue_button_pressed.png' " text="发消息" textcolor="#FFFFFFFF" align="center,vcenter" font="0" padding="0,4,0,0"/>
            <Label width="6"/>
            <Button name="btnOK" width="63" height="24" normalimage=" file='SysBtn\blue_button_normal.png' " hotimage=" file='SysBtn\blue_button_hover.png' " pushedimage=" file='SysBtn\blue_button_pressed.png' " text="确定" textcolor="#FFFFFFFF" align="center,vcenter" font="0" padding="0,4,0,0"/>
            <Label width="6"/>
            <Button name="btnclose" width="63" height="24" normalimage=" file='SysBtn\button_normal.png' " hotimage=" file='SysBtn\button_hover.png' " pushedimage=" file='SysBtn\button_pressed.png' " text="关闭" textcolor="#FF2e2e2e" align="center,vcenter" font="0" padding="0,4,0,0"/>
            <Label width="6"/>
        </HorizontalLayout>
    </VerticalLayout>
</Window>
