<?xml version="1.0" encoding="utf-8" standalone="yes" ?>
<Window size="382,247" mininfo="382,247">
    <Font name="微软雅黑" size="12" bold="false" italic="false" default="true" />
    <Font name="微软雅黑" size="12" bold="true" italic="false" />
    <VerticalLayout bkcolor="#FFFFFFFF" bkcolor2="#FFFFFFFF">
        <Label text="语音设置:" width="78" height="26" textpadding="20,0,0,0" textcolor="#FF2E2E2E" disabledtextcolor="#FFA7A6AA" font="1" />
        <HorizontalLayout  height="30">
            <Label text="声音输入:" width="94" height="26" padding="20,0,0,0" textpadding="20,0,0,0" textcolor="#FF2E2E2E" disabledtextcolor="#FFA7A6AA" font="0" />
            <Combo name="ComboVoiceInput" droptype="droplist" padding="10,4,10,4" textpadding="1,1,28,1" bordercolor="#FFc8c8c8" bordersize="1" itemtextpadding="4,0,0,0" itemendellipsis="true" normalimage="file='SysBtn\window_drop_down_chat_normal.png' source='0,0,26,26' corner='0,26,26,0'" hotimage="file='SysBtn\window_drop_down_chat_normal.png' source='0,0,26,26' corner='0,26,26,0'" pushedimage="file='SysBtn\window_drop_down_chat_pressed.png' source='0,0,26,26' corner='0,26,26,0'"/>
        </HorizontalLayout>
        <HorizontalLayout  height="30">
            <Label text="声音输出:" width="94" height="26" padding="20,0,0,0" textpadding="20,0,0,0" textcolor="#FF2E2E2E" disabledtextcolor="#FFA7A6AA" font="0" />
            <Combo name="ComboVoiceOutput" droptype="droplist" padding="10,4,10,4" textpadding="1,1,28,1" bordercolor="#FFc8c8c8" bordersize="1" itemtextpadding="4,0,0,0" itemendellipsis="true" normalimage="file='SysBtn\window_drop_down_chat_normal.png' source='0,0,26,26' corner='0,26,26,0'" hotimage="file='SysBtn\window_drop_down_chat_normal.png' source='0,0,26,26' corner='0,26,26,0'" pushedimage="file='SysBtn\window_drop_down_chat_pressed.png' source='0,0,26,26' corner='0,26,26,0'"/>
        </HorizontalLayout>
        <HorizontalLayout height="26">
            <Label text="调节:" width="70" height="26" padding="20,0,0,0" textpadding="20,0,0,0" textcolor="#FF2E2E2E" disabledtextcolor="#FFA7A6AA" font="0" align="right" />
            <Label width="26" height="26"  padding="25,0,0,0" textpadding="20,0,0,0" textcolor="#FF2E2E2E" disabledtextcolor="#FFA7A6AA" font="0" align="center" bkimage = "SysBtn\chat_normal.png" />
            <Slider  name= "AudioOutputSlider" width="100" height="26" bkimage="file=&apos;SysBtn\22a.png&apos;" bkcolor="#FFFFFFFF" textpadding="20,0,0,0" textcolor="#FF2E2E2E" disabledtextcolor="#FFA7A6AA" font="0" align="center" foreimage="file='SysBtn\22.png'" min="0" max="100" value="0" hor="true" thumbimage="file='SysBtn\adjust_img.png'" thumbhotimage="file='SysBtn\adjust_img.png'" thumbpushedimage="file='SysBtn\adjust_img.png'" thumbsize="8,8" />
            <Label width="26" height="26" padding="5,0,0,0" textcolor="#FF2E2E2E" disabledtextcolor="#FFA7A6AA" font="0" align="center" bkimage = "SysBtn\voice-_setting_normal.png"/>
            <Slider  name= "voiceOutputSlider" width="100" height="26" bkimage="file=&apos;SysBtn\22a.png&apos;" bkcolor="#FFFFFFFF" textpadding="20,0,0,0" textcolor="#FF2E2E2E" disabledtextcolor="#FFA7A6AA" font="0" align="center" foreimage="file='SysBtn\22.png'" min="0" max="100" value="0" hor="true" thumbimage="file='SysBtn\adjust_img.png'" thumbhotimage="file='SysBtn\adjust_img.png'" thumbpushedimage="file='SysBtn\adjust_img.png'" thumbsize="8,8" />
        </HorizontalLayout>
        <Label text="提示:请您对着麦克风说话进行试听测试。" width="262" height="26" padding="100,0,0,0" textcolor="#FF2E2E2E" disabledtextcolor="#FFA7A6AA" font="0" align="center" />
        <Label text="视频设置:" width="149" height="26" textpadding="20,0,0,0" textcolor="#002E2E2E" disabledtextcolor="#FFA7A6AA" font="1" />
      <HorizontalLayout  height="30">
            <Label text="摄像头选择:" width="94" height="26" padding="20,0,0,0" textpadding="5,0,0,0" textcolor="#FF2E2E2E" disabledtextcolor="#FFA7A6AA" font="0"/>
            <Combo name="CameraOutput" droptype="droplist" padding="10,4,10,4" textpadding="1,1,28,1" bordercolor="#FFc8c8c8" bordersize="1" itemtextpadding="4,0,0,0" itemendellipsis="true" normalimage="file='SysBtn\window_drop_down_chat_normal.png' source='0,0,26,26' corner='0,26,26,0'" hotimage="file='SysBtn\window_drop_down_chat_normal.png' source='0,0,26,26' corner='0,26,26,0'" pushedimage="file='SysBtn\window_drop_down_chat_pressed.png' source='0,0,26,26' corner='0,26,26,0'"/>
       
        </HorizontalLayout>
    </VerticalLayout>
</Window>
