<?xml version="1.0" encoding="utf-8" standalone="yes" ?>
<Window size="407,231" caption="0,0,0,26" mininfo="407,231" roundcorner="4,4">
    <Font name="微软雅黑" size="12" bold="false" italic="false" default="true" />
    <Font name="微软雅黑" size="12" bold="true" italic="false" />
    <VerticalLayout width="407" height="231">
        <HorizontalLayout height="26" name="background"> <!-- 标题栏背景色 bkcolor、bkcolor2、bkcolor3分别是渐变色的三个值-->         
            <VerticalLayout> <!-- 占空位，占据左边所有的空位-->
                <Label name="LabelTitle" text="新增自动回复" textcolor="#FFFFFFFF" padding="10,2,0,0"  font="0"></Label>
            </VerticalLayout>      
            <VerticalLayout width="26"> <!-- 右边三个控件所占的宽度-->
                <Button name="closebtn" tooltip="关闭" width="26" height="26" normalimage=" file='SysBtn\window_close_normal.png' " hotimage=" file='SysBtn\window_close_hover.png' " pushedimage=" file='SysBtn\window_close_pressed.png' "/>
            </VerticalLayout>      
        </HorizontalLayout>        
        <!-- 客户区 -->
        <VerticalLayout name="hltalkbar" height="30" bkcolor="#FFEBEBEB" visible ="false">
   					<TalkBarWnd padding="1,1,1,1"/>
   		  </VerticalLayout>   
   		  <VerticalLayout name="hlrichediton" height="107" padding="0,0,0,0"bkcolor="#FFA0A0A0"> 
     	      <RichEditSendWnd name="richeditsendmsg" padding="1,1,1,1"  height="105" autovscroll="true" vscrollbar="true" textpadding="4,1,4,1" />
   		  </VerticalLayout> 
        <HorizontalLayout  bkcolor="#FFEBEBEB">
            <Label text="" textcolor="##FF2E2E2E" disabledtextcolor="#FFA7A6AA" font = "0" />
            <Button name="btnOK" text="确定" width="60" height="24" padding="0,4,0,0" textcolor="#FFEBEBEB" disabledtextcolor="#FFA7A6AA" font="0" align="center" normalimage=" file=&apos;SysBtn\blue_button_normal.png&apos; " hotimage=" file=&apos;SysBtn\blue_button_hover.png&apos; " pushedimage=" file=&apos;SysBtn\blue_button_pressed.png&apos; " padding="0,4,0,0"/>
            <Label width="6"/>
            <Button name="btnCancel" text="取消" width="60" height="24" normalimage=" file='SysBtn\button_normal.png' " hotimage=" file='SysBtn\button_hover.png' " pushedimage=" file='SysBtn\button_pressed.png' " textcolor="#FF2E2E2E" align="center,vcenter" font="0" padding="0,4,0,0" textcolor="#FF2E2E2E" disabledtextcolor="#FFA7A6AA" font="0" align="center" padding="0,4,0,0"/>
            <Label width="6"/>
        </HorizontalLayout>
    </VerticalLayout>
</Window>