<?xml version="1.0" encoding="UTF-8"?>
<Window size="382,247" mininfo="382,247"> 
    <Font name="微软雅黑" size="12" bold="false" default="true" />
    <Font name="微软雅黑" size="12" bold="true"/>
    <Default name="VScrollBar" value="width=&quot;10&quot; button1normalimage=&quot;file='SysBtn\scrollbar.bmp' source='0,0,10,10'&quot; button1hotimage=&quot;file='SysBtn\scrollbar.bmp' source='11,0,21,10'&quot; button1pushedimage=&quot;file='SysBtn\scrollbar.bmp' source='22,0,32,10'&quot; button1disabledimage=&quot;file='SysBtn\scrollbar.bmp' source='0,0,10,10'&quot; button2normalimage=&quot;file='SysBtn\scrollbar.bmp' source='0,11,10,21'&quot; button2hotimage=&quot;file='SysBtn\scrollbar.bmp' source='11,11,21,21'&quot; button2pushedimage=&quot;file='SysBtn\scrollbar.bmp' source='22,11,32,21'&quot; button2disabledimage=&quot;file='SysBtn\scrollbar.bmp' source='0,11,10,21'&quot; bknormalimage=&quot;file='SysBtn\scrollbar.bmp' source='0,22,10,113' corner='4,4,4,4'&quot; bkhotimage=&quot;file='SysBtn\scrollbar.bmp' source='11,22,21,113' corner='4,4,4,4'&quot; bkpushedimage=&quot;file='SysBtn\scrollbar.bmp' source='22,22,32,113' corner='4,4,4,4'&quot; bkdisabledimage=&quot;file='SysBtn\scrollbar.bmp' source='0,22,10,113' corner='4,4,4,4'&quot; thumbnormalimage=&quot;file='SysBtn\scrollbar.bmp' source='33,0,43,35' corner='4,4,4,4'&quot; thumbhotimage=&quot;file='SysBtn\scrollbar.bmp' source='33,36,43,71' corner='4,4,4,4'&quot; thumbpushedimage=&quot;file='SysBtn\scrollbar.bmp' source='33,72,43,107' corner='4,4,4,4'&quot; thumbdisabledimage=&quot;file='SysBtn\scrollbar.bmp' source='33,0,43,35' corner='4,4,4,4'&quot;" />
    <VerticalLayout bkcolor="#FFFFFFFF" bkcolor2="#FFFFFFFF" height="247" width="382"> <!-- 整个窗口的背景色 -->
        <HorizontalLayout height="27" bkcolor="#FFE7E7E7" bkcolor2="#FFE7E7E7">
            <Button name="addAutoReply" float="true" pos="5,2,68,26" bkimage="file='SysBtn\addautoreply.png' dest='7,3,23,19'" text="新增" textcolor="#FF2E2E2E" disabledtextcolor="#FF999999" textpadding="28,0,0,0" align="left,vcenter" hotimage="file='SysBtn\button_hover.png'" hotforeimage="file='SysBtn\addautoreply.png' dest='7,3,23,19'" pushedimage="file='SysBtn\button_pressed.png'" pushedforeimage="file='SysBtn\addautoreply.png' dest='7,3,23,19'">
            </Button> 
            <Button name="editAutoReply" float="true" pos="73,2,136,26" bkimage="file='SysBtn\editautoreply.png' dest='7,3,23,19'" text="修改" textcolor="#FF2E2E2E" disabledtextcolor="#FF999999" textpadding="28,0,0,0" align="left,vcenter" hotimage="file='SysBtn\button_hover.png'" hotforeimage="file='SysBtn\editautoreply.png' dest='7,3,23,19'" pushedimage="file='SysBtn\button_pressed.png'" pushedforeimage="file='SysBtn\editautoreply.png' dest='7,3,23,19'">
            </Button>
            <Button name="delAutoReply" float="true" pos="141,2,204,26" bkimage="file='SysBtn\delautoreply.png' dest='7,3,23,19'" text="删除" textcolor="#FF2E2E2E" disabledtextcolor="#FF999999" textpadding="28,0,0,0" align="left,vcenter" hotimage="file='SysBtn\button_hover.png'" hotforeimage="file='SysBtn\delautoreply.png' dest='7,3,23,19'" pushedimage="file='SysBtn\button_pressed.png'" pushedforeimage="file='SysBtn\delautoreply.png' dest='7,3,23,19'">
            </Button> 
            <Button name="upAutoReply" float="true" pos="246,2,309,26" bkimage="file='SysBtn\up.png' dest='7,3,23,19'" text="上移" textcolor="#FF58A3D2" disabledtextcolor="#FF999999" textpadding="28,0,0,0" align="left,vcenter" hotimage="file='SysBtn\button_hover.png'" hotforeimage="file='SysBtn\up.png' dest='7,3,23,19'" pushedimage="file='SysBtn\button_pressed.png'" pushedforeimage="file='SysBtn\up.png' dest='7,3,23,19'">
            </Button>  
            <Button name="downAutoReply" float="true" pos="314,2,377,26" bkimage="file='SysBtn\down.png' dest='7,3,23,19'" text="下移" textcolor="#FF2E2E2E" disabledtextcolor="#FF999999" textpadding="28,0,0,0" align="left,vcenter" hotimage="file='SysBtn\button_hover.png'" hotforeimage="file='SysBtn\down.png' dest='7,3,23,19'" pushedimage="file='SysBtn\button_pressed.png'" pushedforeimage="file='SysBtn\down.png' dest='7,3,23,19'">
            </Button>  
        </HorizontalLayout>
        <HorizontalLayout height="220" bkcolor="#FFFAFAFA" bkcolor2="#FFFAFAFA">
            <List name="listAutoReply" float="true" pos="0,0,382,220" bkcolor="#FFFAFAFA" itembkcolor="#FFECECEC" itemselectedbkcolor="#FFCEDBDF" itemhotbkcolor="#FFEDFAFE" itemalign="left,vcenter" itemendellipsis="true" itemaltbk="true" itemtextpadding="15,0,0,0" header="hidden" itemtextcolor="#FF2E2E2E" vscrollbar="true">
            </List>
        </HorizontalLayout>
    </VerticalLayout>
</Window>