<?xml version="1.0" encoding="UTF-8"?>
<Window size="382,247" mininfo="382,247"> 
    <Font name="微软雅黑" size="12" bold="false" default="true" />
    <Font name="微软雅黑" size="12" bold="true"/>
    <Default name="VScrollBar" value="width=&quot;10&quot; button1normalimage=&quot;file='SysBtn\scrollbar.bmp' source='0,0,10,10'&quot; button1hotimage=&quot;file='SysBtn\scrollbar.bmp' source='11,0,21,10'&quot; button1pushedimage=&quot;file='SysBtn\scrollbar.bmp' source='22,0,32,10'&quot; button1disabledimage=&quot;file='SysBtn\scrollbar.bmp' source='0,0,10,10'&quot; button2normalimage=&quot;file='SysBtn\scrollbar.bmp' source='0,11,10,21'&quot; button2hotimage=&quot;file='SysBtn\scrollbar.bmp' source='11,11,21,21'&quot; button2pushedimage=&quot;file='SysBtn\scrollbar.bmp' source='22,11,32,21'&quot; button2disabledimage=&quot;file='SysBtn\scrollbar.bmp' source='0,11,10,21'&quot; bknormalimage=&quot;file='SysBtn\scrollbar.bmp' source='0,22,10,113' corner='4,4,4,4'&quot; bkhotimage=&quot;file='SysBtn\scrollbar.bmp' source='11,22,21,113' corner='4,4,4,4'&quot; bkpushedimage=&quot;file='SysBtn\scrollbar.bmp' source='22,22,32,113' corner='4,4,4,4'&quot; bkdisabledimage=&quot;file='SysBtn\scrollbar.bmp' source='0,22,10,113' corner='4,4,4,4'&quot; thumbnormalimage=&quot;file='SysBtn\scrollbar.bmp' source='33,0,43,35' corner='4,4,4,4'&quot; thumbhotimage=&quot;file='SysBtn\scrollbar.bmp' source='33,36,43,71' corner='4,4,4,4'&quot; thumbpushedimage=&quot;file='SysBtn\scrollbar.bmp' source='33,72,43,107' corner='4,4,4,4'&quot; thumbdisabledimage=&quot;file='SysBtn\scrollbar.bmp' source='33,0,43,35' corner='4,4,4,4'&quot;" />
    <VerticalLayout bkcolor="#FFFFFFFF" bkcolor2="#FFFFFFFF" height="247" width="382"> <!-- 整个窗口的背景色 -->
       <Label text="自动在线接待:" width="140" height="26" textpadding="5,0,0,0" textcolor="#FF2E2E2E" disabledtextcolor="#FFA7A6AA" font="0" />
   		 <VerticalLayout name="hltalkbar" height="30" bkcolor="#FFEBEBEB" visible="false">
   					<TalkBarWnd padding="0,0,0,0"/>
   		 </VerticalLayout>   
   		 <VerticalLayout name="hlrichediton" height="90" padding="5,0,0,0"bkcolor="#FFA0A0A0"> 
     	      <RichEditSendWnd name="richeditsendmsg" padding="1,1,1,1"  height="88" autovscroll="true" vscrollbar="true" textpadding="4,1,4,1" />
   		 </VerticalLayout> 
   		 <Label text="自动离线接待:" width="140" height="26" visible="false" textpadding="5,0,0,0" textcolor="#FF2E2E2E" disabledtextcolor="#FFA7A6AA" font="0" />
   		 <VerticalLayout name="OfflineFontBar" height="30" bkcolor="#FFEBEBEB" visible="false">
   					<TalkOffWnd padding="0,0,0,0"/>
   		 </VerticalLayout> 
   		 <VerticalLayout name="hlricheditoff" height="90" padding="5,0,0,0" bkcolor="#FFA0A0A0" visible="false"> 
     				<RichEditOffWnd name="richeditoff" padding="1,1,1,1"  height="88" autovscroll="true" vscrollbar="true" textpadding="4,1,4,1" />
   		 </VerticalLayout> 
   	</VerticalLayout>
</Window>