<?xml version="1.0" encoding="UTF-8"?>
<Window size="382,247" mininfo="382,247"> 
    <Font name="微软雅黑" size="12" bold="false" default="true" />
    <Font name="微软雅黑" size="12" bold="true"/>
    <Default name="VScrollBar" value="width=&quot;10&quot; button1normalimage=&quot;file='SysBtn\scrollbar.bmp' source='0,0,10,10'&quot; button1hotimage=&quot;file='SysBtn\scrollbar.bmp' source='11,0,21,10'&quot; button1pushedimage=&quot;file='SysBtn\scrollbar.bmp' source='22,0,32,10'&quot; button1disabledimage=&quot;file='SysBtn\scrollbar.bmp' source='0,0,10,10'&quot; button2normalimage=&quot;file='SysBtn\scrollbar.bmp' source='0,11,10,21'&quot; button2hotimage=&quot;file='SysBtn\scrollbar.bmp' source='11,11,21,21'&quot; button2pushedimage=&quot;file='SysBtn\scrollbar.bmp' source='22,11,32,21'&quot; button2disabledimage=&quot;file='SysBtn\scrollbar.bmp' source='0,11,10,21'&quot; bknormalimage=&quot;file='SysBtn\scrollbar.bmp' source='0,22,10,113' corner='4,4,4,4'&quot; bkhotimage=&quot;file='SysBtn\scrollbar.bmp' source='11,22,21,113' corner='4,4,4,4'&quot; bkpushedimage=&quot;file='SysBtn\scrollbar.bmp' source='22,22,32,113' corner='4,4,4,4'&quot; bkdisabledimage=&quot;file='SysBtn\scrollbar.bmp' source='0,22,10,113' corner='4,4,4,4'&quot; thumbnormalimage=&quot;file='SysBtn\scrollbar.bmp' source='26,0,43,35' corner='4,4,4,4'&quot; thumbhotimage=&quot;file='SysBtn\scrollbar.bmp' source='26,36,43,71' corner='4,4,4,4'&quot; thumbpushedimage=&quot;file='SysBtn\scrollbar.bmp' source='26,72,43,107' corner='4,4,4,4'&quot; thumbdisabledimage=&quot;file='SysBtn\scrollbar.bmp' source='26,0,43,35' corner='4,4,4,4'&quot;" />
    <VerticalLayout bkcolor="#FFFFFFFF" bkcolor2="#FFFFFFFF" height="247" width="382"> <!-- 整个窗口的背景色 -->    
        <Label  text="启动/登录/退出:" width="150" height="26" textpadding="20,0,0,0" textcolor="#FF2E2E2E" disabledtextcolor="#FFA7A6AA" font="1" />
        <Option name= "StartRun" text="启动电脑时启动飞牛哞哞" width="306" height="26" padding="45,0,0,0" align="left,vcenter" endellipsis="true" textpadding="20,0,0,0" textcolor="#FF2E2E2E" disabledtextcolor="#FFA7A6AA" font="0" normalimage="file='SysBtn\check_box_normal.png' source='0,0,16,16' dest='0,4,16,20'" selectedimage="file='SysBtn\check_box_pressed.png' source='0,0,16,16' dest='0,4,16,20'" hotimage="file='SysBtn\check_box_hover.png' source='0,0,16,16' dest='0,4,16,20'" selectedhotimage="file='SysBtn\checked_box_hover.png' source='0,0,16,16' dest='0,4,16,20'"  hottextcolor="#50A8DE" pushedtextcolor="#50A8DE" width="300"/>
        <Option name= "ExitConfirm" text="退出时弹出确认窗口" width="306" height="26" padding="45,0,0,0" align="left,vcenter" endellipsis="true" textpadding="20,0,0,0" textcolor="#FF2E2E2E" disabledtextcolor="#FFA7A6AA" font="0" normalimage="file='SysBtn\check_box_normal.png' source='0,0,16,16' dest='0,4,16,20'" selectedimage="file='SysBtn\check_box_pressed.png' source='0,0,16,16' dest='0,4,16,20'" hotimage="file='SysBtn\check_box_hover.png' source='0,0,16,16' dest='0,4,16,20'" selectedhotimage="file='SysBtn\checked_box_hover.png' source='0,0,16,16' dest='0,4,16,20'"  hottextcolor="#50A8DE" pushedtextcolor="#50A8DE" width="300"/>
        <Label  text="主界面:" width="72" height="26" textpadding="20,0,0,0" textcolor="#FF2E2E2E" disabledtextcolor="#FFA7A6AA" font="1" />
        <Option name= "EndgeHide" text = "当主界面停靠在桌面边缘时自动隐藏" width="306" height="26" padding="45,0,0,0" align="left,vcenter" endellipsis="true" textpadding="20,0,0,0" textcolor="#FF2E2E2E" disabledtextcolor="#FFA7A6AA" font="0" normalimage="file='SysBtn\check_box_normal.png' source='0,0,16,16' dest='0,4,16,20'" selectedimage="file='SysBtn\check_box_pressed.png' source='0,0,16,16' dest='0,4,16,20'" hotimage="file='SysBtn\check_box_hover.png' source='0,0,16,16' dest='0,4,16,20'" selectedhotimage="file='SysBtn\checked_box_hover.png' source='0,0,16,16' dest='0,4,16,20'"   hottextcolor="#50A8DE" pushedtextcolor="#50A8DE" width="300"/>
        <Option name= "FrontShow" text = "主界面总是显示在最前面" width="306" height="26" padding="45,0,0,0" align="left,vcenter" endellipsis="true" textpadding="20,0,0,0" textcolor="#FF2E2E2E" disabledtextcolor="#FFA7A6AA" font="0" normalimage="file='SysBtn\check_box_normal.png' source='0,0,16,16' dest='0,4,16,20'" selectedimage="file='SysBtn\check_box_pressed.png' source='0,0,16,16' dest='0,4,16,20'" hotimage="file='SysBtn\check_box_hover.png' source='0,0,16,16' dest='0,4,16,20'" selectedhotimage="file='SysBtn\checked_box_hover.png' source='0,0,16,16' dest='0,4,16,20'"  hottextcolor="#50A8DE" pushedtextcolor="#50A8DE" width="300"/>
    </VerticalLayout>
</Window>