﻿<?xml version="1.0" encoding="utf-8" standalone="yes" ?>
<Window size="320,140" mininfo="320,140" caption="0,0,0,26" bkcolor="#FFEBEBEB" bordersize="1" roundcorner="4,4,4,4" showshadow="true" shadowsize="5" shadowsharpness="10">
    <Font name="微软雅黑" size="12" bold="false" italic="false" default="true" />
    <VerticalLayout bkcolor="#FFFFFFFF" bkcolor2="#FFFFFFFF">
         <HorizontalLayout name="background" height="26" bkcolor="#FF4D95C2" bkcolor2="#FF4D95C2"> <!-- 标题栏背景色 bkcolor、bkcolor2、bkcolor3分别是渐变色的三个值-->         
            <VerticalLayout> <!-- 占空位，占据左边所有的空位-->
                <Label name="labelTitle" text="温馨提示" textcolor="#FFFFFFFF" padding="10,2,0,0" align="left,vcenter" font="0"></Label>
            </VerticalLayout>      
            <VerticalLayout width="26"> <!-- 右边三个控件所占的宽度-->
                <Button name="closebtn" tooltip="关闭" width="26" height="26" normalimage=" file='SysBtn\window_close_normal.png' " hotimage=" file='SysBtn\window_close_hover.png' " pushedimage=" file='SysBtn\window_close_pressed.png' "/>
            </VerticalLayout>      
        </HorizontalLayout>  
        <VerticalLayout bkcolor="#FFFFFFFF">
            <Label  name="labelWarn" padding="10,30,0,0" align="left,vcenter" text="您存在未保存的服务小记,请先保存？" /> 
        </VerticalLayout>      
        <HorizontalLayout height="32" bkcolor="#FFEBEBEB">
            <Label></Label>
            <Button name="okbtn" text="确定" width="63" height="24" padding="0,5,0,0" textcolor="#FFFFFFFF" disabledtextcolor="#FFA7A6AA" font="0" align="center" normalimage=" file=&apos;SysBtn\blue_button_normal.png&apos; " hotimage=" file=&apos;SysBtn\blue_button_hover.png&apos; " pushedimage=" file=&apos;SysBtn\blue_button_pressed.png&apos; " />
            <Label width="6" textcolor="#FF000000" disabledtextcolor="#FFA7A6AA" />
            <Button name="cancelbtn" text="取消" width="63" height="24" padding="10,5,0,0" textcolor="#FF2E2E2E" disabledtextcolor="#FFA7A6AA" font="0" align="center" normalimage=" file=&apos;SysBtn\button_normal.png&apos; " hotimage=" file=&apos;SysBtn\button_hover.png&apos; " pushedimage=" file=&apos;SysBtn\button_pressed.png&apos; " />
            <Label width="6" textcolor="#FF000000" disabledtextcolor="#FFA7A6AA" />
        </HorizontalLayout>
    </VerticalLayout>
</Window>
