﻿<?xml version="1.0" encoding="UTF-8"?>
<Window height="32"  roundcorner="2,2"> 
    <TreeNode height="26" folderattr="width=&quot;180&quot; normalimage=&quot;file='SysBtn\gourp_off_arrow.png' dest='8,7,20,19'&quot; hotimage=&quot;file='SysBtn\gourp_off_arrow_hover.png' dest='8,7,20,19'&quot; selectedimage=&quot;file='SysBtn\gourp_on_arrow.png' dest='8,7,20,19'&quot; selectedhotimage=&quot;file='SysBtn\gourp_on_arrow_hover.png' dest='8,7,20,19'&quot; text=&quot;我的团队&quot; align=&quot;left,vcenter&quot; textpadding=&quot;28,0,0,0&quot;" checkboxattr="width=&quot;0&quot; float=&quot;true&quot;" itemattr="width=&quot;0&quot; float=&quot;true&quot;" dotlineattr="width=&quot;0&quot; float=&quot;true&quot;">
        <HorizontalLayout>
            <Label></Label>
            <Button name="btnCreateCluster" padding="0,2,0,0" width="63" height="22" bkimage="file='SysBtn\add_1_icon.png' dest='3,3,20,20'" text="创建群" textcolor="#FF2E2E2E" textpadding="22,0,0,0" align="left,vcenter" hotimage="file='SysBtn\button_hover.png'" hotforeimage="file='SysBtn\add_1_icon.png' dest='3,3,20,20'" pushedimage="file='SysBtn\button_pressed.png'" pushedforeimage="file='SysBtn\add_1_icon.png' dest='3,3,20,20'">
            </Button>
            <Label width="12"></Label>
        </HorizontalLayout>        
    </TreeNode>
</Window>