<?xml version="1.0" encoding="UTF-8"?>
<Window height="46"  roundcorner="2,2"> 
    <TreeNode folderattr="width=&quot;0&quot; float=&quot;true&quot;" checkboxattr="width=&quot;0&quot; float=&quot;true&quot;" itemattr="width=&quot;0&quot; float=&quot;true&quot;" dotlineattr="width=&quot;0&quot; float=&quot;true&quot;">
        <HorizontalLayout name="itemArea">
            <HorizontalLayout width="40" height="40" padding="0,3,0,0" bkimage="Sysbtn\icon_40x40_bg.png">
                <Label name="lbHeaderIcon" width="40" height="40" bkimage="Sysbtn\icon_group_40x40.png"/>
            </HorizontalLayout>
            <Label width="12"/>
            <Label name="lbName" height="26" align="left,vcenter" textcolor="#FF2E2E2E"/>
            <Label width="12"/>
            <Label name="lbRemind" height="17" width="17" padding="0,4,0,0" align="center,vcenter" textcolor="#FFFFFFFF" bkimage="file='im\remind_icon.png' corner='6,1,6,1'"/>
        </HorizontalLayout>
    </TreeNode>
</Window>