<?xml version="1.0" encoding="UTF-8"?>
<Window size="300,340" mininfo="300,340" caption="0,0,0,26" bkcolor="#FFEBEBEB" bordersize="1" roundcorner="4,4,4,4"> <!-- 窗口的初始尺寸(宽800，高600)、窗口的最小尺寸(宽600，高400)、标题栏拖拽区域(高32)、可拖拽边框大小(这里添加sizebox后就可以拖拽边框调整大小了) -->
    <Font name="微软雅黑" size="12" default="true" />
    <Font name="微软雅黑" size="12" bold="true" default="true" />
    <Default name="VScrollBar" value="width=&quot;10&quot; button1normalimage=&quot;file='SysBtn\scrollbar.bmp' source='0,0,10,10'&quot; button1hotimage=&quot;file='SysBtn\scrollbar.bmp' source='11,0,21,10'&quot; button1pushedimage=&quot;file='SysBtn\scrollbar.bmp' source='22,0,32,10'&quot; button1disabledimage=&quot;file='SysBtn\scrollbar.bmp' source='0,0,10,10'&quot; button2normalimage=&quot;file='SysBtn\scrollbar.bmp' source='0,11,10,21'&quot; button2hotimage=&quot;file='SysBtn\scrollbar.bmp' source='11,11,21,21'&quot; button2pushedimage=&quot;file='SysBtn\scrollbar.bmp' source='22,11,32,21'&quot; button2disabledimage=&quot;file='SysBtn\scrollbar.bmp' source='0,11,10,21'&quot; bknormalimage=&quot;file='SysBtn\scrollbar.bmp' source='0,22,10,113' corner='4,4,4,4'&quot; bkhotimage=&quot;file='SysBtn\scrollbar.bmp' source='11,22,21,113' corner='4,4,4,4'&quot; bkpushedimage=&quot;file='SysBtn\scrollbar.bmp' source='22,22,32,113' corner='4,4,4,4'&quot; bkdisabledimage=&quot;file='SysBtn\scrollbar.bmp' source='0,22,10,113' corner='4,4,4,4'&quot; thumbnormalimage=&quot;file='SysBtn\scrollbar.bmp' source='33,0,43,35' corner='4,4,4,4'&quot; thumbhotimage=&quot;file='SysBtn\scrollbar.bmp' source='33,36,43,71' corner='4,4,4,4'&quot; thumbpushedimage=&quot;file='SysBtn\scrollbar.bmp' source='33,72,43,107' corner='4,4,4,4'&quot; thumbdisabledimage=&quot;file='SysBtn\scrollbar.bmp' source='33,0,43,35' corner='4,4,4,4'&quot;" />
    <VerticalLayout  bkcolor="#FFEBEBEB" bkcolor2="#FFEBEBEB">
        <!-- 标题栏区 -->
        <HorizontalLayout name="background" height="26" bkcolor="#FF4D95C2" bkcolor2="#FF4D95C2"> <!-- 标题栏背景色 bkcolor、bkcolor2、bkcolor3分别是渐变色的三个值-->         
            <VerticalLayout> <!-- 占空位，占据左边所有的空位-->
                <Label text="群资料" textcolor="#FFFFFFFF" padding="10,2,0,0" align="left,vcenter" font="0"></Label>
            </VerticalLayout>      
            <VerticalLayout width="26"> <!-- 右边三个控件所占的宽度-->
                <Button name="closebtn" tooltip="关闭" width="26" height="26" normalimage=" file='SysBtn\window_close_normal.png' " hotimage=" file='SysBtn\window_close_hover.png' " pushedimage=" file='SysBtn\window_close_pressed.png' "/>
            </VerticalLayout>      
        </HorizontalLayout>        
        <!-- 客户区 -->
        <HorizontalLayout height="130" bkcolor="#FFEBEBEB" bkcolor2="#FFEBEBEB">
        	<Label padding="20,15,0,0" bkimage="file='SysBtn\icon_group_round_100x100.png' source='0,0,100,100'" width="100" height="100"/>
					<VerticalLayout>
        	<HorizontalLayout height="40">
        		<Label padding="20,10,0,0" text="群名:" autocalcwidth="true"></Label>
        		<Label name="clustername" width="" padding="10,10,0,0" text="" width="100" endellipsis="true" font="0"></Label>
        	</HorizontalLayout>
        	<HorizontalLayout height="40">
        		<Label padding="20,10,0,0" text="群号:" autocalcwidth="true"></Label>
        		<Label name="clusternum" padding="10,10,0,0" text="" width="100" endellipsis="true" font="0"></Label>
        	</HorizontalLayout>
        	<HorizontalLayout height="40">
        		<Label padding="20,10,0,0" text="分类:" autocalcwidth="true"></Label>
        		<Label name="clustertype" padding="10,10,0,0" text="" width="100" endellipsis="true" font="0"></Label>
        	</HorizontalLayout>
        	</VerticalLayout>
        </HorizontalLayout>
        <HorizontalLayout height="30" bkcolor="#FFEBEBEB">
        	<Label padding="10,10,0,0" text="简介:" autocalcwidth="true"></Label>
        </HorizontalLayout>
        <HorizontalLayout height="140" bkcolor="#FFEBEBEB">
        	<RichEdit name="clusterdesc" padding="10,5,10,0" enabled="false" font="0" bordercolor="#FFc8c8c8" bordersize="1" align="left,top" textcolor="#FF2E2E2E" multiline="true" vscrollbar="true" inset="4,0,2,0"></RichEdit>
        </HorizontalLayout>
    </VerticalLayout>
</Window>