<?xml version="1.0" encoding="UTF-8"?>
<Window size="493,380" mininfo="493,380" caption="0,0,0,26" bordercolor="#FF90636E" bordersize="1" roundcorner="4,4,4,4"> <!-- 窗口的初始尺寸(宽800，高600)、窗口的最小尺寸(宽600，高400)、标题栏拖拽区域(高32)、可拖拽边框大小(这里添加sizebox后就可以拖拽边框调整大小了) -->
    <Font name="微软雅黑" size="12" default="true" />
    <Default name="VScrollBar" value="width=&quot;10&quot; button1normalimage=&quot;file='SysBtn\scrollbar.bmp' source='0,0,10,10'&quot; button1hotimage=&quot;file='SysBtn\scrollbar.bmp' source='11,0,21,10'&quot; button1pushedimage=&quot;file='SysBtn\scrollbar.bmp' source='22,0,32,10'&quot; button1disabledimage=&quot;file='SysBtn\scrollbar.bmp' source='0,0,10,10'&quot; button2normalimage=&quot;file='SysBtn\scrollbar.bmp' source='0,11,10,21'&quot; button2hotimage=&quot;file='SysBtn\scrollbar.bmp' source='11,11,21,21'&quot; button2pushedimage=&quot;file='SysBtn\scrollbar.bmp' source='22,11,32,21'&quot; button2disabledimage=&quot;file='SysBtn\scrollbar.bmp' source='0,11,10,21'&quot; bknormalimage=&quot;file='SysBtn\scrollbar.bmp' source='0,22,10,113' corner='4,4,4,4'&quot; bkhotimage=&quot;file='SysBtn\scrollbar.bmp' source='11,22,21,113' corner='4,4,4,4'&quot; bkpushedimage=&quot;file='SysBtn\scrollbar.bmp' source='22,22,32,113' corner='4,4,4,4'&quot; bkdisabledimage=&quot;file='SysBtn\scrollbar.bmp' source='0,22,10,113' corner='4,4,4,4'&quot; thumbnormalimage=&quot;file='SysBtn\scrollbar.bmp' source='33,0,43,35' corner='4,4,4,4'&quot; thumbhotimage=&quot;file='SysBtn\scrollbar.bmp' source='33,36,43,71' corner='4,4,4,4'&quot; thumbpushedimage=&quot;file='SysBtn\scrollbar.bmp' source='33,72,43,107' corner='4,4,4,4'&quot; thumbdisabledimage=&quot;file='SysBtn\scrollbar.bmp' source='33,0,43,35' corner='4,4,4,4'&quot;" />
    <VerticalLayout name="background"> <!-- 整个窗口的背景色 -->
        <!-- 标题栏区 -->
        <HorizontalLayout height="26"> <!-- 标题栏背景色 bkcolor、bkcolor2、bkcolor3分别是渐变色的三个值-->         
            <VerticalLayout> <!-- 占空位，占据左边所有的空位-->
                <Label text="新建群" textcolor="#FFFFFFFF" padding="10,2,0,0" align="left,vcenter"></Label>
            </VerticalLayout>      
            <VerticalLayout width="26"> <!-- 右边三个控件所占的宽度-->
                <Button name="closebtn" tooltip="关闭" width="26" height="26" normalimage=" file='SysBtn\window_close_normal.png' " hotimage=" file='SysBtn\window_close_hover.png' " pushedimage=" file='SysBtn\window_close_pressed.png' "/>
            </VerticalLayout>      
        </HorizontalLayout>        
        <!-- 客户区 -->
        <HorizontalLayout bkcolor="#FFFFFFFF">
            <VerticalLayout width="118" bkcolor="#FFEBEBEB">
                <Label padding="9,16,0,0" bkimage="file='SysBtn\icon_group_round_100x100.png' source='0,0,100,100'" width="100" height="100"/>
            </VerticalLayout>
            <VerticalLayout> 
                <HorizontalLayout height="4"/>  
                <HorizontalLayout height="32">
                    <HorizontalLayout width="70">
                        <Label text="群名称" align="left" valign="vcenter" textcolor="#FF2E2E2E" autocalcwidth="true" textpadding="10,0,0,0"/>
                        <Label text="*" align="left" valign="vcenter"  textcolor="#FFFF0000" autocalcwidth="true"/>
                        <Label text="：" align="left" valign="vcenter" textcolor="#FF2E2E2E" autocalcwidth="true"/>
                    </HorizontalLayout>
                    <Edit name="clusternameEdit" padding="10,4,10,4" bordercolor="#FFc8c8c8" bordersize="1" align="left,vcenter" textcolor="#FF2E2E2E" maxchar="60" tipvalue="不超过20个字" maxchar="20"/> 
                </HorizontalLayout>  
                <HorizontalLayout height="32">
                    <HorizontalLayout width="70">
                        <Label text="所属分类" align="left" valign="vcenter" textcolor="#FF2E2E2E" autocalcwidth="true" textpadding="10,0,0,0"/>
                        <Label text="*" align="left" valign="vcenter" textcolor="#FFFF0000" autocalcwidth="true"/>
                        <Label text="：" align="left" valign="vcenter" textcolor="#FF2E2E2E" autocalcwidth="true"/>
                    </HorizontalLayout>
                    <Combo name="clustertypeCombo" droptype="droplist" padding="10,4,10,4" textpadding="1,1,28,1" bordercolor="#FFc8c8c8" bordersize="1" itemtextpadding="4,0,0,0" itemendellipsis="true" normalimage="file='SysBtn\window_drop_down_chat_normal.png' source='0,0,26,26' corner='0,26,26,0'" hotimage="file='SysBtn\window_drop_down_chat_normal.png' source='0,0,26,26' corner='0,26,26,0'" pushedimage="file='SysBtn\window_drop_down_chat_pressed.png' source='0,0,26,26' corner='0,26,26,0'"/>
                </HorizontalLayout> 
                <HorizontalLayout height="4"/>  
                <HorizontalLayout height="100">
                    <Label text="群简介：" align="left,top" textcolor="#FF2E2E2E" endellipsis="true" textpadding="10,4,0,0" width="70"/>
                    <RichEdit name="briefinfo" padding="10,2,10,12" bordercolor="#FFc8c8c8" bordersize="1" align="left,top" textcolor="#FF2E2E2E" multiline="true" vscrollbar="true" textpadding="4,1,4,1" maxchar="50" tipvalue="请输入不超过50个字的群简介，该信息完全公开！"/>
                </HorizontalLayout> 
                <HorizontalLayout>
                    <Label text="身份验证：" align="left,top" textcolor="#FF2E2E2E" endellipsis="true" textpadding="10,4,0,0" width="70"/>
                    <VerticalLayout>
                        <Option name="allowall" height="26" padding="10,0,0,0" align="left,vcenter" textpadding="20,0,0,0" text="允许任何人加入群" textcolor="#FF2E2E2E" font="0" normalimage="file='SysBtn\radiobox_normal.png' source='0,0,16,16' dest='0,4,16,20'" selectedimage="file='SysBtn\radiobox_pressed.png' source='0,0,16,16' dest='0,4,16,20'" hotimage="file='SysBtn\radiobox_hover.png' source='0,0,16,16' dest='0,4,16,20'" selectedhotimage="file='SysBtn\radioboxed_hover.png' source='0,0,16,16' dest='0,4,16,20'" group="JoinType" hottextcolor="#50A8DE" pushedtextcolor="#50A8DE" autocalcwidth="true"/>
                        <Option name="needverify" height="26" padding="10,0,0,0" align="left,vcenter" textpadding="20,0,0,0" text="需要身份验证才能加入群" textcolor="#FF2E2E2E" font="0" normalimage="file='SysBtn\radiobox_normal.png' source='0,0,16,16' dest='0,4,16,20'" selectedimage="file='SysBtn\radiobox_pressed.png' source='0,0,16,16' dest='0,4,16,20'" hotimage="file='SysBtn\radiobox_hover.png' source='0,0,16,16' dest='0,4,16,20'" selectedhotimage="file='SysBtn\radioboxed_hover.png' source='0,0,16,16' dest='0,4,16,20'" selected="true" group="JoinType" hottextcolor="#50A8DE" pushedtextcolor="#50A8DE" autocalcwidth="true"/>
                        <Option name="disablejoin" height="26" padding="10,0,0,0" align="left,vcenter" textpadding="20,0,0,0" text="不允许任何人主动加入群" textcolor="#FF2E2E2E" font="0" normalimage="file='SysBtn\radiobox_normal.png' source='0,0,16,16' dest='0,4,16,20'" selectedimage="file='SysBtn\radiobox_pressed.png' source='0,0,16,16' dest='0,4,16,20'" hotimage="file='SysBtn\radiobox_hover.png' source='0,0,16,16' dest='0,4,16,20'" selectedhotimage="file='SysBtn\radioboxed_hover.png' source='0,0,16,16' dest='0,4,16,20'" group="JoinType" hottextcolor="#50A8DE" pushedtextcolor="#50A8DE" autocalcwidth="true"/>
                    </VerticalLayout>
                </HorizontalLayout>    
            </VerticalLayout>   
        </HorizontalLayout>
        <HorizontalLayout height="32" bkcolor="#FFEBEBEB">
            <Label></Label>
            <Button name="okbtn" width="63" height="24" normalimage=" file='SysBtn\blue_button_normal.png' " hotimage=" file='SysBtn\blue_button_hover.png' " pushedimage=" file='SysBtn\blue_button_pressed.png' " text="确认" textcolor="#FFFFFFFF" align="center,vcenter" padding="0,4,0,0"/>
            <Label width="6"/>
            <Button name="cancelbtn" width="63" height="24" normalimage=" file='SysBtn\button_normal.png' " hotimage=" file='SysBtn\button_hover.png' " pushedimage=" file='SysBtn\button_pressed.png' " text="取消" textcolor="#FF2e2e2e" align="center,vcenter" padding="0,4,0,0"/>
            <Label width="6"/>
        </HorizontalLayout>
    </VerticalLayout>
</Window>