<?xml version="1.0" encoding="UTF-8"?>
<Window size="210,400" bordercolor="#FF90636E" bordersize="1" roundcorner="0,0" shadowimage="menu\shadow_01.png" showshadow="true" shadowcorner="30,30,0,30"> <!-- 窗口的初始尺寸(宽800，高600)、窗口的最小尺寸(宽600，高400)、标题栏拖拽区域(高32)、可拖拽边框大小(这里添加sizebox后就可以拖拽边框调整大小了) -->
    <Font name="微软雅黑" size="12" default="true" />
    <Default name="VScrollBar" value="width=&quot;10&quot; button1normalimage=&quot;file='SysBtn\scrollbar.bmp' fade='0' source='0,0,10,10'&quot; button1hotimage=&quot;file='SysBtn\scrollbar.bmp' fade='200' source='11,0,21,10'&quot; button1pushedimage=&quot;file='SysBtn\scrollbar.bmp' fade='200' source='22,0,32,10'&quot; button1disabledimage=&quot;file='SysBtn\scrollbar.bmp' fade='200' source='0,0,10,10'&quot; button2normalimage=&quot;file='SysBtn\scrollbar.bmp' fade='0' source='0,11,10,21'&quot; button2hotimage=&quot;file='SysBtn\scrollbar.bmp' fade='200' source='11,11,21,21'&quot; button2pushedimage=&quot;file='SysBtn\scrollbar.bmp' fade='200' source='22,11,32,21'&quot; button2disabledimage=&quot;file='SysBtn\scrollbar.bmp' fade='200' source='0,11,10,21'&quot; bknormalimage=&quot;file='SysBtn\scrollbar.bmp' source='0,22,10,113' fade='0' corner='4,4,4,4'&quot; bkhotimage=&quot;file='SysBtn\scrollbar.bmp' fade='200' source='11,22,21,113' corner='4,4,4,4'&quot; bkpushedimage=&quot;file='SysBtn\scrollbar.bmp' fade='200' source='22,22,32,113' corner='4,4,4,4'&quot; bkdisabledimage=&quot;file='SysBtn\scrollbar.bmp' fade='200' source='0,22,10,113' corner='4,4,4,4'&quot; thumbnormalimage=&quot;file='SysBtn\scrollbar.bmp' fade='200' source='33,0,43,35' corner='4,4,4,4'&quot; thumbhotimage=&quot;file='SysBtn\scrollbar.bmp' fade='200' source='33,36,43,71' corner='4,4,4,4'&quot; thumbpushedimage=&quot;file='SysBtn\scrollbar.bmp' fade='200' source='33,72,43,107' corner='4,4,4,4'&quot; thumbdisabledimage=&quot;file='SysBtn\scrollbar.bmp' fade='200' source='33,0,43,35' corner='4,4,4,4'&quot;" />
    <VerticalLayout bkcolor="#FFE1E1E1" bkcolor2="#FFE1E1E1"> <!-- 整个窗口的背景色 -->
        <!-- 标题栏区 -->
        <VerticalLayout name="background" height="64">
            <HorizontalLayout height="32"> <!-- 标题栏背景色 bkcolor、bkcolor2、bkcolor3分别是渐变色的三个值-->    
                <Label name="title" text="客服工作台" textcolor="#FFFFFFFF" padding="10,0,0,0" align="left,vcenter" autocalcwidth="true"/> 
                <Label></Label>
                <Label name="lbQueu" text="999+人排队中" autocalcwidth="true" textcolor="FFFFFFFF" padding="5,0,5,0" align="left,vcenter"/>
                <Button name="btnReception" width="20" height="20" padding="0,6,6,0" normalimage="SysBtn\icon_reception_normal.png" disabledimage="SysBtn\icon_reception_disable.png" hotimage="SysBtn\icon_reception_hover.png" pushedimage="SysBtn\icon_reception_pressed.png" tooltip="邀约"/>
            </HorizontalLayout>        
            <HorizontalLayout bkimage="SysBtn\tranpic20.png" height="32">
                <Label width="2"></Label>
                <Label bkimage="file='SysBtn\seach_icon.png' source='0,0,16,16' dest='5,8,21,24'" width="24"/>
                <Edit name="editView" tipvalue="查找好友" tipvaluecolor="#FFFFFFFF" textcolor="#FFFFFFFF" bkcolor="#008B8B8B" nativebkcolor="#FF6AA6CC" nativetextcolor="#FFFFFFFF" height="32"/>
            </HorizontalLayout>
        </VerticalLayout>
        <VerticalLayout height="36" bkcolor="#FFDDDDDD" padding="0,0,1,0">
            <Label height="2"></Label>
            <HorizontalLayout>
                <Option name="custBtn" selected="true" group="mainTab" tooltip="客户" normalimage="file='SysBtn\gray.png'" hotimage="file='SysBtn\gray.png'" pushedimage="file='SysBtn\white.png'" focusedimage="file='SysBtn\white.png'" selectedimage="file='SysBtn\white.png'" foreimage="file='SysBtn\icon_message_normal.png' dest='19,8,38,26' source='0,0,20,20'" selectedforeimage="file='SysBtn\icon_message_pressed.png' dest='19,8,38,26' source='0,0,20,20'" width="70"/>
                <Option name="recentBtn" group="mainTab" tooltip="最近联系人" normalimage="file='SysBtn\gray.png'" hotimage="file='SysBtn\gray.png'" pushedimage="file='SysBtn\white.png'" focusedimage="file='SysBtn\white.png'" selectedimage="file='SysBtn\white.png'" foreimage="file='SysBtn\historical_record_normal-.png' dest='25,7,45,27'" selectedforeimage="file='SysBtn\historical_record_pressed.png' dest='25,7,45,27'" width="70"/>                        
                <Option name="teamBtn" group="mainTab" tooltip="我的团队" normalimage="file='SysBtn\gray.png'" hotimage="file='SysBtn\gray.png'" pushedimage="file='SysBtn\white.png'" focusedimage="file='SysBtn\white.png'" selectedimage="file='SysBtn\white.png'" foreimage="file='SysBtn\group_normal_cs.png' dest='25,7,45,27'" selectedforeimage="file='SysBtn\group_pressed_cs.png' dest='25,7,45,27'"/>
            </HorizontalLayout>
            <Label name="labelUnMsgCust" visible="false" float="true" pos="37,6,43,12" bkimage="file='SysBtn\ummsg_normal.png'" />
            <Label name="labelUnMsgTeam" visible="false" float="true" pos="183,6,189,12" bkimage="file='SysBtn\ummsg_normal.png'" />
            <Button name="custMenuBtn" float="true" pos="45,12,57,24" normalimage="file='SysBtn\gourp_on_arrow.png'" hotimage="file='SysBtn\gourp_on_arrow_hover.png'" pushedimage="file='SysBtn\gourp_on_arrow_hover.png'"></Button>
        </VerticalLayout>
        <TabLayout name="mainTab" bkcolor="#FFFFFFFF" selectedid="0" padding="0,0,1,0">
            <VerticalLayout>
                <List name="lsCounsel" header="hidden" vscrollbar="true" hscrollbar="false" itemshowhtml="true" vscrollbar="true" itembkcolor="#FFFFFFFF" itemselectedbkcolor="#FFE8E8E8" itemhotbkcolor="#FFF0F0F0"></List>
            </VerticalLayout>
            <VerticalLayout>
                <RecentList name="lsRecent" header="hidden" itemshowhtml="true" vscrollbar="true" itembkcolor="#FFFFFFFF" itemselectedbkcolor="#FFE8E8E8" itemhotbkcolor="#FFF0F0F0" multipleitem="false" multiexpanding="true"/>
            </VerticalLayout>
            <VerticalLayout>
                <TeamTreeView name="lsFriend" header="hidden" itemshowhtml="true" vscrollbar="true" itembkcolor="#FFFFFFFF" itemselectedbkcolor="#FFE8E8E8" itemhotbkcolor="#FFF0F0F0" multipleitem="false" multiexpanding="true">
                </TeamTreeView>
            </VerticalLayout>
        </TabLayout>
    </VerticalLayout>
</Window>