<?xml version="1.0" encoding="UTF-8"?>
<Window size="500,309" mininfo="500,309" caption="0,0,0,26" bordercolor="#FF90636E" bordersize="1" roundcorner="4,4,4,4"> <!-- 窗口的初始尺寸(宽800，高600)、窗口的最小尺寸(宽600，高400)、标题栏拖拽区域(高32)、可拖拽边框大小(这里添加sizebox后就可以拖拽边框调整大小了) -->
    <Font name="微软雅黑" size="12" default="true" />
    <Default name="VScrollBar" value="width=&quot;10&quot; button1normalimage=&quot;file='SysBtn\scrollbar.bmp' source='0,0,10,10'&quot; button1hotimage=&quot;file='SysBtn\scrollbar.bmp' source='11,0,21,10'&quot; button1pushedimage=&quot;file='SysBtn\scrollbar.bmp' source='22,0,32,10'&quot; button1disabledimage=&quot;file='SysBtn\scrollbar.bmp' source='0,0,10,10'&quot; button2normalimage=&quot;file='SysBtn\scrollbar.bmp' source='0,11,10,21'&quot; button2hotimage=&quot;file='SysBtn\scrollbar.bmp' source='11,11,21,21'&quot; button2pushedimage=&quot;file='SysBtn\scrollbar.bmp' source='22,11,32,21'&quot; button2disabledimage=&quot;file='SysBtn\scrollbar.bmp' source='0,11,10,21'&quot; bknormalimage=&quot;file='SysBtn\scrollbar.bmp' source='0,22,10,113' corner='4,4,4,4'&quot; bkhotimage=&quot;file='SysBtn\scrollbar.bmp' source='11,22,21,113' corner='4,4,4,4'&quot; bkpushedimage=&quot;file='SysBtn\scrollbar.bmp' source='22,22,32,113' corner='4,4,4,4'&quot; bkdisabledimage=&quot;file='SysBtn\scrollbar.bmp' source='0,22,10,113' corner='4,4,4,4'&quot; thumbnormalimage=&quot;file='SysBtn\scrollbar.bmp' source='33,0,43,35' corner='4,4,4,4'&quot; thumbhotimage=&quot;file='SysBtn\scrollbar.bmp' source='33,36,43,71' corner='4,4,4,4'&quot; thumbpushedimage=&quot;file='SysBtn\scrollbar.bmp' source='33,72,43,107' corner='4,4,4,4'&quot; thumbdisabledimage=&quot;file='SysBtn\scrollbar.bmp' source='33,0,43,35' corner='4,4,4,4'&quot;" />
    <VerticalLayout bkcolor="#FFFFFFFF" bkcolor2="#FFFFFFFF"> <!-- 整个窗口的背景色 -->
        <!-- 标题栏区 -->
        <HorizontalLayout name="background" height="26" bkcolor="#FF4D95C2" bkcolor2="#FF4D95C2"> <!-- 标题栏背景色 bkcolor、bkcolor2、bkcolor3分别是渐变色的三个值-->         
            <VerticalLayout> <!-- 占空位，占据左边所有的空位-->
                <Label text="选择转接对象" textcolor="#FFFFFFFF" padding="10,2,0,0" align="left,vcenter"></Label>
            </VerticalLayout>      
            <VerticalLayout width="26"> <!-- 右边三个控件所占的宽度-->
                <Button name="closebtn" tooltip="关闭" width="26" height="26" normalimage=" file='SysBtn\window_close_normal.png' " hotimage=" file='SysBtn\window_close_hover.png' " pushedimage=" file='SysBtn\window_close_pressed.png' "/>
            </VerticalLayout>      
        </HorizontalLayout>        
        <!-- 客户区 -->
        <TabLayout name="tabs">
            <VerticalLayout>
                <HorizontalLayout>
                    <FriendList name="friends" header="hidden" itemshowhtml="true" vscrollbar="true" itembkcolor="#FFFFFFFF" itemselectedbkcolor="#FFECECEC" itemhotbkcolor="#FFF8F8F8"/>
                </HorizontalLayout>
                <HorizontalLayout height="32" bkcolor="#FFEBEBEB">
                    <VerticalLayout></VerticalLayout>
                    <VerticalLayout width="67">
                        <Button name="closebtnL1" width="63" height="24" padding="0,4,4,0" normalimage=" file='SysBtn\button_normal.png' " hotimage=" file='SysBtn\button_hover.png' " pushedimage=" file='SysBtn\button_pressed.png' " text="关闭" textcolor="#FF2e2e2e" align="center,vcenter" />
                    </VerticalLayout>
                </HorizontalLayout>
            </VerticalLayout>
            <VerticalLayout>
                <HorizontalLayout height="32">
                    <Label text="转接对象：" align="left,vcenter" textcolor="#FF2E2E2E" endellipsis="true" textpadding="10,0,0,0" width="70"/>
                    <Label name="tranobject" align="left,vcenter" textcolor="#FF2E2E2E" endellipsis="true" textpadding="10,0,0,0"/>
                </HorizontalLayout>  
                <HorizontalLayout height="32">
                    <Label text="订单编号：" align="left,vcenter" textcolor="#FF2E2E2E" endellipsis="true" textpadding="10,0,0,0" width="70"/>
                    <Edit name="orderid" padding="10,2,10,2" bordercolor="#FFc8c8c8" bordersize="1" align="left,vcenter" textcolor="#FF2E2E2E" maxchar="20"/>
                </HorizontalLayout> 
                <HorizontalLayout height="4"/>  
                <HorizontalLayout>
                    <Label text="转接原因：" align="left,top" textcolor="#FF2E2E2E" endellipsis="true" textpadding="10,4,0,0" width="70"/>
                    <RichEdit name="reason" padding="10,2,10,12" bordercolor="#FFc8c8c8" bordersize="1" align="left,top" textcolor="#FF2E2E2E" multiline="true" vscrollbar="true" inset="4,0,2,0" maxchar="50"/>
                </HorizontalLayout> 
                <HorizontalLayout height="32" bkcolor="#FFEBEBEB">
                    <Label></Label>
                    <Button name="backbtn" width="63" height="24" normalimage=" file='SysBtn\blue_button_normal.png' " hotimage=" file='SysBtn\blue_button_hover.png' " pushedimage=" file='SysBtn\blue_button_pressed.png' " text="返回" textcolor="#FFFFFFFF" align="center,vcenter" font="0" padding="0,4,0,0"/>
                    <Label width="6"/>
                    <Button name="okbtn" width="63" height="24" normalimage=" file='SysBtn\blue_button_normal.png' " hotimage=" file='SysBtn\blue_button_hover.png' " pushedimage=" file='SysBtn\blue_button_pressed.png' " text="确定" textcolor="#FFFFFFFF" align="center,vcenter" font="0" padding="0,4,0,0"/>
                    <Label width="6"/>
                    <Button name="closebtnL2" width="63" height="24" normalimage=" file='SysBtn\button_normal.png' " hotimage=" file='SysBtn\button_hover.png' " pushedimage=" file='SysBtn\button_pressed.png' " text="关闭" textcolor="#FF2e2e2e" align="center,vcenter" font="0" padding="0,4,0,0"/>
                    <Label width="6"/>
                </HorizontalLayout>
            </VerticalLayout>
        </TabLayout>
    </VerticalLayout>
</Window>