<?xml version="1.0" encoding="UTF-8"?>
<Window>
  <ListContainerElement height="60" width="210" focusbordercolor="#FF396E8F">
  	<VerticalLayout>
  		<HorizontalLayout>
  			<VerticalLayout  width="5">
  					<Control name="selectitem" height="59">
  				</Control>
  			</VerticalLayout>
  			<VerticalLayout name="listitem">
  				<HorizontalLayout height="30">
  					<HorizontalLayout>
  						<VerticalLayout>
  							<HorizontalLayout>
  							<Label name="nickname" padding="5,10,0,0" autocalcwidth="true" textcolor="#FF000000" disabledtextcolor="#FF808080" />
  							<Button name="btnReply" visible="true" width="20" height="20" padding="2,7,0,0" bkimage="file='im/icon_reply.png'" normalimage="file='im/icon_reply.png'" hotimage="file='im/icon_reply.png'" pushedimage="file='im/icon_reply.png'" />
 		       			<Button name="btnTransfer" visible="true" width="20" height="20" padding="2,7,0,0" bkimage="file='im/icon_transfer.png'" normalimage="file='im/icon_transfer.png'" hotimage="file='im/icon_transfer.png'" pushedimage="file='im/icon_transfer.png'" />
  	     	 	  	<Button name="btnRepeat" visible="true" width="20" height="20" padding="2,7,0,0" bkimage="file='im/icon_repeat.png'" normalimage="file='im/icon_repeat.png'" hotimage="file='im/icon_repeat.png'" pushedimage="file='im/icon_repeat.png'" />
  	      			<Button name="btnMessage" visible="true" width="20" height="20" padding="2,7,0,0" bkimage="file='im/icon_message.png'" normalimage="file='im/icon_message.png'" hotimage="file='im/icon_message.png'" pushedimage="file='im/icon_message.png'" />
    	    			<Button name="btnRemind" visible="true" width="20" height="20" padding="2,7,0,0" textcolor="#FFFFFFFF" bkimage="file='im/remind_icon.png'" normalimage="file='im/remind_icon.png'" hotimage="file='im/remind_icon.png'" pushedimage="file='im/remind_icon.png'" />
      	    		</HorizontalLayout>
        	  	</VerticalLayout>
         		 	<VerticalLayout width="29">
 	  	     			<Button name="btnMarkeing" visible="false" float="false" width="20" height="20" padding="0,7,0,0" bkimage="file='im/icon_markeing.png'" normalimage="file='im/icon_markeing.png'" hotimage="file='im/icon_markeing.png'" pushedimage="file='im/icon_markeing.png'" />
  	      			<Button name="btnMarked" visible="false" float="false" width="20" height="20" padding="0,7,0,0" bkimage="file='im/icon_marked.png'" normalimage="file='im/icon_marked.png'" hotimage="file='im/icon_marked.png'" pushedimage="file='im/icon_marked.png'" /> 		
  						</VerticalLayout>
 		 				</HorizontalLayout>
 		 			</HorizontalLayout>
 		 			<HorizontalLayout height="29">
  					<HorizontalLayout>
  						<VerticalLayout>
  							<Label name="historyMsg" width="140" bordersize="0" textcolor="#FF000000" disabledtextcolor="#FF808080" />
  						</VerticalLayout>
  						<VerticalLayout width="50">
  							<Label name="historyTime" width="50" bordersize="0" textcolor="#FF000000" disabledtextcolor="#FF808080" />
 		 					</VerticalLayout>
 		 				</HorizontalLayout>
 		 			</HorizontalLayout>
 		 			<Button name="btnClose" visible="true" float="true" pos="0,0,15,15" width="15" height="15" bkimage="file='im/icon_close.png'" normalimage="file='im/icon_close.png'" hotimage="file='im/icon_close.png'" pushedimage="file='im/icon_close.png'" />
 	 			</VerticalLayout>
  		</HorizontalLayout>
  		<HorizontalLayout height="1" >
  			<Control name="lineitem" />
  		</HorizontalLayout>
  	</VerticalLayout>
  	
  </ListContainerElement>
</Window>