<?xml version="1.0" encoding="UTF-8"?>
<Window>
  <ListContainerElement height="32" focusbordercolor="#FF396E8F">
  	<HorizontalLayout>
  		<HorizontalLayout>
  			<ButtonGif name="lbHeaderIcon" padding="5,1,0,0" width="30" height="30"endellipsis="true"/>
  			<Label name="nickname" padding="5,0,0,0" width="141" textcolor="#FF000000" disabledtextcolor="#FF808080" endellipsis="true"/>
 	  	</HorizontalLayout>
 	  	<HorizontalLayout name="HLBtn">
 	  	   <Button name="btnReply" visible="false" width="20" height="20" padding="2,7,0,0" bkimage="file='im/icon_reply.png'" normalimage="file='im/icon_reply.png'" hotimage="file='im/icon_reply.png'" pushedimage="file='im/icon_reply.png'" />
 		     <Button name="btnTransfer" visible="false" width="20" height="20" padding="2,7,0,0" bkimage="file='im/icon_transfer.png'" normalimage="file='im/icon_transfer.png'" hotimage="file='im/icon_transfer.png'" pushedimage="file='im/icon_transfer.png'" />
  	     <Button name="btnRepeat" visible="false" width="20" height="20" padding="2,7,0,0" bkimage="file='im/icon_repeat.png'" normalimage="file='im/icon_repeat.png'" hotimage="file='im/icon_repeat.png'" pushedimage="file='im/icon_repeat.png'" />
  	     <Button name="btnMessage" visible="false" width="20" height="20" padding="2,7,0,0" bkimage="file='im/icon_message.png'" normalimage="file='im/icon_message.png'" hotimage="file='im/icon_message.png'" pushedimage="file='im/icon_message.png'" />
  	     <Button name="btnTranPre" visible="false" width="20" height="20" padding="2,7,0,0" textcolor="#FFFFFFFF" bkimage="file='im/icon_transfer_pre.png'" normalimage="file='im/icon_transfer_pre.png'" hotimage="file='im/icon_transfer_pre.png'" pushedimage="file='im/icon_transfer_pre.png'" />
    	   <Button name="btnRemind" visible="false" width="20" height="20" padding="2,7,0,0" textcolor="#FFFFFFFF" bkimage="file='im/remind_icon.png'" normalimage="file='im/remind_icon.png'" hotimage="file='im/remind_icon.png'" pushedimage="file='im/remind_icon.png'" />
      </HorizontalLayout>
      <HorizontalLayout width="29">
         <VerticalLayout width="29">
 	  	     	<Button name="btnMarkeing" visible="false" float="false" width="20" height="20" padding="0,7,0,0" bkimage="file='im/icon_markeing.png'" normalimage="file='im/icon_markeing.png'" hotimage="file='im/icon_markeing.png'" pushedimage="file='im/icon_markeing.png'" />
  	      	<Button name="btnMarked" visible="false" float="false" width="20" height="20" padding="0,7,0,0" bkimage="file='im/icon_marked.png'" normalimage="file='im/icon_marked.png'" hotimage="file='im/icon_marked.png'" pushedimage="file='im/icon_marked.png'" /> 		
  			</VerticalLayout>
  		</HorizontalLayout>
 		 	<Button name="btnClose" visible="true" float="true" pos="0,0,15,15" width="15" height="15" bkimage="file='im/icon_close.png'" normalimage="file='im/icon_close.png'" hotimage="file='im/icon_close.png'" pushedimage="file='im/icon_close.png'" />
  	</HorizontalLayout>
  </ListContainerElement>
</Window>