<?xml version="1.0" encoding="UTF-8"?>
<Window size="700,496" caption="0,0,0,36"> <!-- 窗口的初始尺寸(宽800，高600)、窗口的最小尺寸(宽600，高400)、标题栏拖拽区域(高32)、可拖拽边框大小(这里添加sizebox后就可以拖拽边框调整大小了) -->
  <Font name="Arail" size="12" bold="true" default="true" />
  <VerticalLayout name="Layout1" bkcolor="#FF396E8F"> <!-- 整个窗口的背景色 -->
    <Control name="conHead" pos="0,0,700,36" width="700" height="36" visible="true" float="true" bkcolor="#FF396E8F" />
    <Label name="textHead" pos="5,0,700,36" width="695" height="36" visible="true" float="true" textcolor="#FFFFFFFF" text="新版特性" />
    <Control name="con1" pos="0,36,700,496" width="700" height="460" visible="true" float="true" />
		<Button name="btnClose" pos="664,0,664,0" width="36" height="36" visible="true" float="true" bkimage="file='GuidePage/icon_close_normal.png'" normalimage="file='GuidePage/icon_close_normal.png'" hotimage="file='GuidePage/icon_close_hover.png'" pushedimage="file='GuidePage/icon_close_pressed.png'" />
		<Button name="btnLeft" pos="0,227,30,305" width="30" height="78" visible="true" float="true" bkimage="file='GuidePage/icon_leftpage_normal.png'" normalimage="file='icon_leftpage_normal.png'" hotimage="file='GuidePage/icon_leftpage_hover.png'" pushedimage="file='GuidePage/icon_leftpage_pressed.png'" />
		<Button name="btnRight" pos="670,227,700,305" width="30" height="78" visible="true" float="true" bkimage="file='GuidePage/icon_rightpage_normal.png'" normalimage="file='icon_rightpage_normal.png'" hotimage="file='GuidePage/icon_rightpage_hover.png'" pushedimage="file='GuidePage/icon_rightpage_pressed.png'" />
   </VerticalLayout>
</Window>