<?xml version="1.0" encoding="UTF-8"?>
<Window size="600,400" mininfo="600,400" sizebox="4,4,6,6" caption="0,0,0,0" bordercolor="#FF90636E" bordersize="1" roundcorner="0,0"> <!-- 窗口的初始尺寸(宽800，高600)、窗口的最小尺寸(宽600，高400)、标题栏拖拽区域(高32)、可拖拽边框大小(这里添加sizebox后就可以拖拽边框调整大小了) -->
    <Font name="微软雅黑" size="12" default="true"/>
    <VerticalLayout bkcolor="#FF737373"> <!-- 整个窗口的背景色 -->
    	<Label name="labelPic" float="true" pos="500,0,600,100"></Label>
    	<HorizontalLayout height="26">
    		<HorizontalLayout></HorizontalLayout>
    		<Button name="closebtn" width="24" padding="0,2,2,0" tooltip="关闭" normalimage="file='Picture\pic_window_close_normal.png'" hotimage="file='Picture\pic_window_close_hover.png'" pushedimage="file='P2PSendMsgDlgTool\pic_window_close_hover.png'"></Button>
    	</HorizontalLayout>
    	<HorizontalLayout></HorizontalLayout>
    	<HorizontalLayout height="40">
    		<HorizontalLayout></HorizontalLayout>
    		<HorizontalLayout name="hlBtn" width="241" height="40" bkimage="file='Picture\rectangle.png'">
    			<Button name="btn11" width="22" height="15" padding="20,12,0,0" normalimage="file='Picture\11.png'" hotimage="file='Picture\11_hover.png'" pushedimage="file='Picture\11_hover.png'"></Button>
    			<Button name="btnAmplification" width="20" height="22" padding="25,9,0,0" normalimage="file='Picture\amplification.png'" hotimage="file='Picture\amplification_hover.png'" pushedimage="file='Picture\amplification_hover.png'"></Button>
    			<Button name="btnNarrow" width="20" height="22" padding="25,9,0,0" normalimage="file='Picture\narrow.png'" hotimage="file='Picture\narrow_hover.png'" pushedimage="file='Picture\narrow_hover.png'"></Button>
    			<Button name="btnRefresh" width="19" height="19" padding="25,10,0,0" normalimage="file='Picture\refresh.png'" hotimage="file='Picture\refresh_hover.png'" pushedimage="file='Picture\refresh_hover.png'"></Button>
    			<Button name="btnSave" width="19" height="19" padding="25,10,0,0" normalimage="file='Picture\save.png'" hotimage="file='Picture\save_hover.png'" pushedimage="file='Picture\save_hover.png'"></Button>
    		</HorizontalLayout>
    		<HorizontalLayout></HorizontalLayout>
    	</HorizontalLayout>
    </VerticalLayout>
</Window>