﻿<?xml version="1.0" encoding="utf-8" standalone="yes" ?>
<Window size="390,140" mininfo="390,140" caption="0,0,0,26" bkcolor="#FFEBEBEB" bordersize="1" roundcorner="4,4,4,4" showshadow="true" shadowsize="5" shadowsharpness="10">
    <Font name="微软雅黑" size="12" bold="false" italic="false" default="true" />
    <VerticalLayout bkcolor="#FFFFFFFF" bkcolor2="#FFFFFFFF">
         <HorizontalLayout name="background" height="26" bkcolor="#FF4D95C2" bkcolor2="#FF4D95C2"> <!-- 标题栏背景色 bkcolor、bkcolor2、bkcolor3分别是渐变色的三个值-->         
            <VerticalLayout> <!-- 占空位，占据左边所有的空位-->
                <Label name="labelTitle" text="关闭提醒" textcolor="#FFFFFFFF" padding="10,2,0,0" align="left,vcenter" font="0"></Label>
            </VerticalLayout>      
            <VerticalLayout width="26"> <!-- 右边三个控件所占的宽度-->
                <Button name="closebtn" tooltip="关闭" width="26" height="26" normalimage=" file='SysBtn\window_close_normal.png' " hotimage=" file='SysBtn\window_close_hover.png' " pushedimage=" file='SysBtn\window_close_pressed.png' "/>
            </VerticalLayout>      
        </HorizontalLayout>  
        <VerticalLayout bkcolor="#FFFFFFFF" height="82">
        	  <HorizontalLayout bkcolor="#FFFFFFFF">
        	      <Control padding="60,20,0,0" width="20" height="20" bkimage="file='SysBtn\icon_prompt.png'"></Control>
        	      <Label name="labelWarn" padding="10,16,0,0" autocalcwidth="true" font="1" text="关闭所有会话窗口还是仅关闭当前会话？"/>
            </HorizontalLayout> 
            <TabLayout name="tabA" height="32" bkcolor="#FFFFFFFF">
            	  <Label  name="labelHide" padding="90,0,0,0" text=""/>
                <Option name="MsgBuf" align="left,vcenter" text="下次打开聊天窗口恢复未读消息联系人" width="240" height="23" padding="65,0,0,0" textpadding="10,0,0,0" textcolor="#FF2E2E2E" disabledtextcolor="#FFA7A6AA" font="0" align="center" endellipsis="true" normalimage="file=&apos;SysBtn\check_box_normal.png&apos; source=&apos;0,0,16,16&apos; dest=&apos;0,4,16,20&apos;" hotimage="file=&apos;SysBtn\check_box_hover.png&apos; source=&apos;0,0,16,16&apos; dest=&apos;0,4,16,20&apos;" pushedtextcolor="#0050A8DE" hottextcolor="#0050A8DE" selectedimage="file=&apos;SysBtn\check_box_pressed.png&apos; source=&apos;0,0,16,16&apos; dest=&apos;0,4,16,20&apos;" />
            </TabLayout>
        </VerticalLayout>
        <HorizontalLayout height="32" bkcolor="#FFEBEBEB">
            <Label></Label>
            <Button name="okbtn" text="确认" width="63" height="24" padding="0,5,0,0" textcolor="#FFFFFFFF" disabledtextcolor="#FFA7A6AA" font="0" align="center" normalimage=" file=&apos;SysBtn\blue_button_normal.png&apos; " hotimage=" file=&apos;SysBtn\blue_button_hover.png&apos; " pushedimage=" file=&apos;SysBtn\blue_button_pressed.png&apos; " />
            <Label width="6" textcolor="#FF000000" disabledtextcolor="#FFA7A6AA" />
            <Button name="cancelbtn" text="取消" width="63" height="24" padding="10,5,0,0" textcolor="#FF2E2E2E" disabledtextcolor="#FFA7A6AA" font="0" align="center" normalimage=" file=&apos;SysBtn\button_normal.png&apos; " hotimage=" file=&apos;SysBtn\button_hover.png&apos; " pushedimage=" file=&apos;SysBtn\button_pressed.png&apos; " />
            <Label width="6" textcolor="#FF000000" disabledtextcolor="#FFA7A6AA" />
        </HorizontalLayout>
    </VerticalLayout>
</Window>
