<?xml version="1.0" encoding="UTF-8"?>
<Window size="390,140" mininfo="390,140" caption="0,0,0,26" bordercolor="#FF90636E" bordersize="1" roundcorner="4,4,4,4"> <!-- 窗口的初始尺寸(宽800，高600)、窗口的最小尺寸(宽600，高400)、标题栏拖拽区域(高32)、可拖拽边框大小(这里添加sizebox后就可以拖拽边框调整大小了) -->
    <Font name="微软雅黑" size="12" default="true" />
    <VerticalLayout bkcolor="#FFFFFFFF" bkcolor2="#FFFFFFFF"> <!-- 整个窗口的背景色 -->
        <!-- 标题栏区 -->
        <HorizontalLayout name="background" height="26" bkcolor="#FF4D95C2" bkcolor2="#FF4D95C2"> <!-- 标题栏背景色 bkcolor、bkcolor2、bkcolor3分别是渐变色的三个值-->         
            <VerticalLayout> <!-- 占空位，占据左边所有的空位-->
                <Label text="关闭会话" textcolor="#FFFFFFFF" padding="10,2,0,0" align="left,vcenter" font="0"></Label>
            </VerticalLayout>      
            <VerticalLayout width="26"> <!-- 右边三个控件所占的宽度-->
                <Button name="closebtn" tooltip="关闭" width="26" height="26" normalimage=" file='SysBtn\window_close_normal.png' " hotimage=" file='SysBtn\window_close_hover.png' " pushedimage=" file='SysBtn\window_close_pressed.png' "/>
            </VerticalLayout>      
        </HorizontalLayout>        
        <!-- 客户区 -->
        <VerticalLayout bkcolor="#FFFFFFFF">
            <Label></Label>
            <HorizontalLayout height="32">
                <Label></Label>
                <Label bkimage="file='SysBtn\icon_tips_warning.png' dest='1,8,18,25'" textpadding="20,0,0,0" align="left,vcenter" autocalcwidth="true" text="您确定退出飞牛哞哞吗？" textcolor="#FF2e2e2e"/>
                <Label></Label>
            </HorizontalLayout>  
            <Label></Label>
        </VerticalLayout>        
        <HorizontalLayout height="32" bkcolor="#FFEBEBEB">
            <Label width="10"/>
            <Option name="checkExitWarning" width="140" align="left,vcenter" textpadding="20,0,0,0" text="退出时总弹出该窗" textcolor="#FF2E2E2E" normalimage="file='SysBtn\check_box_normal.png' source='0,0,16,16' dest='0,8,16,24'" selectedimage="file='SysBtn\check_box_pressed.png' source='0,0,16,16' dest='0,8,16,24'" hotimage="file='SysBtn\check_box_hover.png' source='0,0,16,16' dest='0,8,16,24'" selectedhotimage="file='SysBtn\checked_box_hover.png' source='0,0,16,16' dest='0,8,16,24'" autocalcwidth="true"/>
            <Label></Label>
            <Button name="okbtn" width="63" height="24" normalimage=" file='SysBtn\blue_button_normal.png' " hotimage=" file='SysBtn\blue_button_hover.png' " pushedimage=" file='SysBtn\blue_button_pressed.png' " text="确认" textcolor="#FFFFFFFF" align="center,vcenter" font="0" padding="0,4,0,0"/>
            <Label width="6"/>
            <Button name="cancelbtn" width="63" height="24" normalimage=" file='SysBtn\button_normal.png' " hotimage=" file='SysBtn\button_hover.png' " pushedimage=" file='SysBtn\button_pressed.png' " text="取消" textcolor="#FF2e2e2e" align="center,vcenter" font="0" padding="0,4,0,0"/>
            <Label width="6"/>
        </HorizontalLayout>
    </VerticalLayout>
</Window>