<?xml version="1.0" encoding="UTF-8"?>
<Window height="26"  roundcorner="2,2"> 
  <TreeNode height="26" folderattr="width=&quot;360&quot; normalimage=&quot;file='SysBtn\gourp_off_arrow.png' dest='8,7,20,19'&quot; hotimage=&quot;file='SysBtn\gourp_off_arrow_hover.png' dest='8,7,20,19'&quot; selectedimage=&quot;file='SysBtn\gourp_on_arrow.png' dest='8,7,20,19'&quot; selectedhotimage=&quot;file='SysBtn\gourp_on_arrow_hover.png' dest='8,7,20,19'&quot; text=&quot;我的团队&quot; align=&quot;left,vcenter&quot; textpadding=&quot;28,0,0,0&quot;" checkboxattr="width=&quot;0&quot; float=&quot;true&quot;" itemattr="width=&quot;0&quot; float=&quot;true&quot;" dotlineattr="width=&quot;0&quot; float=&quot;true&quot;">
	   <HorizontalLayout>
	   	<HorizontalLayout></HorizontalLayout>
	   	<HorizontalLayout width="18">
        <Button name="fastwordconfig" width="16" height="16" padding="0,4,0,0" bkimage="file='SysBtn\setting_normal.png'" normalimage="file='SysBtn\setting_normal.png'" hotimage="file='SysBtn\setting_hover.png'" pushedimage="file='SysBtn\setting_pressed.png'"></Button>
     </HorizontalLayout>
	   </HorizontalLayout>
	</TreeNode>
	
</Window>