<?xml version="1.0" encoding="utf-8"?>
<Window bordercolor="#FF90636E" bordersize="1" roundcorner="4,4,4,4" showshadow="true" shadowsize="5" shadowsharpness="10">
<Font name="微软雅黑" size="12" bold="false" default="true" />
<Font name="微软雅黑" size="12" bold="true"/>

<Default name="Menu" value="bordersize=&quot;1&quot; width=&quot;70&quot; borderround=&quot;2,2&quot; inset=&quot;2,2,2,2&quot; itemtextpadding=&quot;-3,0,0,0&quot; bkcolor=&quot;0xFFFFFFFF&quot; itemselectedbkcolor=&quot;0xFF338ACA&quot; itemalign=&quot;center,vcenter&quot;" />
<Menu>
  <MenuElement name="MenuRenameNode" text="编辑" width="50" />
	<MenuElement name="MenuUpNode" text="上移" width="50" />
	<MenuElement name="MenuDownNode" text="下移" width="50" />
	<MenuElement name="MenuDeleteNode" text="删除" width="50" />
</Menu>
</Window>