<?xml version="1.0" encoding="UTF-8"?>
<Window size="390,260" mininfo="390,260" caption="0,0,0,26" bkcolor="#FFEBEBEB" bordersize="1" roundcorner="4,4,4,4" showshadow="true" shadowsize="5" shadowsharpness="10">
    <Font name="微软雅黑" size="12" default="true" />
    <Font name="微软雅黑" size="13" />
    <Font name="微软雅黑" size="12" bold="true" />
    <Default name="VScrollBar" value="width=&quot;10&quot; button1normalimage=&quot;file='SysBtn\scrollbar.bmp' source='0,0,10,10'&quot; button1hotimage=&quot;file='SysBtn\scrollbar.bmp' source='11,0,21,10'&quot; button1pushedimage=&quot;file='SysBtn\scrollbar.bmp' source='22,0,32,10'&quot; button1disabledimage=&quot;file='SysBtn\scrollbar.bmp' source='0,0,10,10'&quot; button2normalimage=&quot;file='SysBtn\scrollbar.bmp' source='0,11,10,21'&quot; button2hotimage=&quot;file='SysBtn\scrollbar.bmp' source='11,11,21,21'&quot; button2pushedimage=&quot;file='SysBtn\scrollbar.bmp' source='22,11,32,21'&quot; button2disabledimage=&quot;file='SysBtn\scrollbar.bmp' source='0,11,10,21'&quot; bknormalimage=&quot;file='SysBtn\scrollbar.bmp' source='0,22,10,113' corner='4,4,4,4'&quot; bkhotimage=&quot;file='SysBtn\scrollbar.bmp' source='11,22,21,113' corner='4,4,4,4'&quot; bkpushedimage=&quot;file='SysBtn\scrollbar.bmp' source='22,22,32,113' corner='4,4,4,4'&quot; bkdisabledimage=&quot;file='SysBtn\scrollbar.bmp' source='0,22,10,113' corner='4,4,4,4'&quot; thumbnormalimage=&quot;file='SysBtn\scrollbar.bmp' source='33,0,43,35' corner='4,4,4,4'&quot; thumbhotimage=&quot;file='SysBtn\scrollbar.bmp' source='33,36,43,71' corner='4,4,4,4'&quot; thumbpushedimage=&quot;file='SysBtn\scrollbar.bmp' source='33,72,43,107' corner='4,4,4,4'&quot; thumbdisabledimage=&quot;file='SysBtn\scrollbar.bmp' source='33,0,43,35' corner='4,4,4,4'&quot;" />
    <VerticalLayout name="background"> <!-- 整个窗口的背景色 -->
        <!-- 标题栏区 -->
        <HorizontalLayout height="26"> <!-- 标题栏背景色 bkcolor、bkcolor2、bkcolor3分别是渐变色的三个值-->         
            <VerticalLayout> <!-- 占空位，占据左边所有的空位-->
                <Label name="HeadName" text="新增快捷短语" textcolor="#FFFFFFFF" padding="10,2,0,0" align="left,vcenter" font="0"></Label>
            </VerticalLayout>      
            <VerticalLayout width="26"> <!-- 右边三个控件所占的宽度-->
                <Button name="closebtn" tooltip="关闭" width="26" height="26" normalimage=" file='SysBtn\window_close_normal.png' " hotimage=" file='SysBtn\window_close_hover.png' " pushedimage=" file='SysBtn\window_close_pressed.png' "/>
            </VerticalLayout>      
        </HorizontalLayout>        
        <!-- 客户区 -->
        <HorizontalLayout bkcolor="#FFFFFFFF">
        	<VerticalLayout>
        		<HorizontalLayout name="hltalkbar" height="32">
   							<TalkBarWnd padding="5,1,5,1"/>
   					</HorizontalLayout>
   					<HorizontalLayout name="hlricheditsendmsg" height="90" >
   						<HorizontalLayout bordercolor="#FFc8c8c8" bordersize="1" padding="10,0,10,0">
     						<RichEditSendWnd name="richeditsendmsg" padding="5,1,5,1" textpadding="4,1,4,1" />
     					</HorizontalLayout>
   					</HorizontalLayout>
   						
        		<HorizontalLayout height="30">
        			<Label padding="20,10,0,0" autocalcwidth="true" text="快捷编码："></Label>
        			<Edit name="editFastWordNum" padding="0,5,0,0" width="50" bordercolor="#FFc8c8c8" bordersize="1"></Edit>
        			<Label text="选择分组：" padding="20,10,0,0" autocalcwidth="true"></Label>
        			<HorizontalLayout name="HLayoutName" padding="10,6,0,0" width="135" bkcolor="#FFFFFFFF" bordercolor="#FFc8c8c8" bordersize="1">
                <Label name="groupSelectName" textpadding="5,0,0,0"></Label>
                <Button name="btnOtherUser" width="26" normalimage="file='SysBtn\window_drop_down_chat_normal.png'" hotimage="file='SysBtn\window_drop_down_chat_normal.png'" pushedimage="file='SysBtn\window_drop_down_chat_pressed.png'" padding="0,4,0,4" keyboard="false"/>
                <Label width="5"/>
              </HorizontalLayout> 
        			<!--<List name="comboFastWordGroup" flaot="true" visible="true" padding="10,6,0,0" width="135" textpadding="1,1,28,1" bordercolor="#FFc8c8c8" bordersize="1" itemtextpadding="4,0,0,0" itemendellipsis="true" />-->
        		</HorizontalLayout>
        		<HorizontalLayout height="25">
        			<Label padding="20,10,0,0" autocalcwidth="true" text="用于快速输入快捷短语，只能为数字，字母或中文，聊天窗口输"></Label>
        		</HorizontalLayout>
        		<HorizontalLayout height="25">
        			<Label padding="20,0,0,0" autocalcwidth="true" text="入&quot;/&quot;触发快捷短语搜索，结果可以用回车键选择。"></Label>
        		</HorizontalLayout>
        	</VerticalLayout>
        </HorizontalLayout>
        <HorizontalLayout height="32" bkcolor="#FFEBEBEB">
        	<HorizontalLayout></HorizontalLayout>
        	<HorizontalLayout width="146">
        	<Button name="btnok" padding="0,5,0,0" width="63" height="24" text="确定" textcolor="FFFFFFFF" normalimage="SysBtn\blue_button_normal.png" hotimage="SysBtn\blue_button_hover.png" pushedimage="SysBtn\blue_button_pressed.png" ></Button>
        	<Button name="btncancel" padding="10,5,0,0" width="63" height="24" text="取消" textcolor="FF000000" normalimage="SysBtn\button_normal.png" hotimage="SysBtn\button_hover.png" pushedimage="SysBtn\button_pressed.png"></Button>
        	</HorizontalLayout>
        </HorizontalLayout>
        <List name="comboFastWordGroup" float="true" visible="false" vscrollbar="true" width="135" itemtextpadding="5,0,0,0" header="hidden" bordercolor="FF000000" bordersize="1" bkcolor="#FFFFFFFF" itemlinecolor="#FFFFFFFF" itemtextcolor="#FF000000" itembkcolor="#FFFFFFFF" itemselectedtextcolor="#FFFFFFFF" itemselectedbkcolor="#FF3E9FDB" itemhottextcolor="#FFFFFFFF" itemhotbkcolor="#FF3E9FDB" itemdisabledtextcolor="#FFCCCCCC" itemdisabledbkcolor="#FFFFFFFF" >
        </List>
    </VerticalLayout>
</Window>