<?xml version="1.0" encoding="utf-8"?>
<Window size="300,200" mininfo="300,200" bordercolor="#FF90636E" bordersize="1" roundcorner="4,4,4,4" showshadow="true" shadowsize="5" shadowsharpness="10">
	<Font name="微软雅黑" size="12" bold="false" default="true" />
	<Font name="微软雅黑" size="12" bold="true"/>
	<Default name="VScrollBar" value="width=&quot;10&quot; button1normalimage=&quot;file='SysBtn\scrollbar.bmp' source='0,0,10,10'&quot; button1hotimage=&quot;file='SysBtn\scrollbar.bmp' source='11,0,21,10'&quot; button1pushedimage=&quot;file='SysBtn\scrollbar.bmp' source='22,0,32,10'&quot; button1disabledimage=&quot;file='SysBtn\scrollbar.bmp' source='0,0,10,10'&quot; button2normalimage=&quot;file='SysBtn\scrollbar.bmp' source='0,11,10,21'&quot; button2hotimage=&quot;file='SysBtn\scrollbar.bmp' source='11,11,21,21'&quot; button2pushedimage=&quot;file='SysBtn\scrollbar.bmp' source='22,11,32,21'&quot; button2disabledimage=&quot;file='SysBtn\scrollbar.bmp' source='0,11,10,21'&quot; bknormalimage=&quot;file='SysBtn\scrollbar.bmp' source='0,22,10,113' corner='4,4,4,4'&quot; bkhotimage=&quot;file='SysBtn\scrollbar.bmp' source='11,22,21,113' corner='4,4,4,4'&quot; bkpushedimage=&quot;file='SysBtn\scrollbar.bmp' source='22,22,32,113' corner='4,4,4,4'&quot; bkdisabledimage=&quot;file='SysBtn\scrollbar.bmp' source='0,22,10,113' corner='4,4,4,4'&quot; thumbnormalimage=&quot;file='SysBtn\scrollbar.bmp' source='33,0,43,35' corner='4,4,4,4'&quot; thumbhotimage=&quot;file='SysBtn\scrollbar.bmp' source='33,36,43,71' corner='4,4,4,4'&quot; thumbpushedimage=&quot;file='SysBtn\scrollbar.bmp' source='33,72,43,107' corner='4,4,4,4'&quot; thumbdisabledimage=&quot;file='SysBtn\scrollbar.bmp' source='33,0,43,35' corner='4,4,4,4'&quot;" />
	<VerticalLayout>
	<List name="listFastWordSelect" vscrollbar="true" itemtextpadding="5,0,0,0" header="hidden" bkcolor="#FFFFFFFF" itemlinecolor="#FFFFFFFF" itemtextcolor="#FF000000" itembkcolor="#FFFFFFFF" itemselectedtextcolor="#FFFFFFFF" itemselectedbkcolor="#FF3E9FDB" itemhottextcolor="#FFFFFFFF" itemhotbkcolor="#FF3E9FDB" itemdisabledtextcolor="#FFCCCCCC" itemdisabledbkcolor="#FFFFFFFF">
		<ListLabelElement text="1234"></ListLabelElement>
		<ListLabelElement text="12345"></ListLabelElement>
	</List>
	</VerticalLayout>
	
</Window>