<?xml version="1.0" encoding="UTF-8"?>
<Window size="390,140" mininfo="390,140" caption="0,0,0,26" bkcolor="#FFEBEBEB" bordersize="1" roundcorner="4,4,4,4" showshadow="true" shadowsize="5" shadowsharpness="10">
    <Font name="微软雅黑" size="12" default="true" />
    <Font name="微软雅黑" size="13" />
    <Font name="微软雅黑" size="12" bold="true" />
    <Default name="VScrollBar" value="width=&quot;10&quot; button1normalimage=&quot;file='SysBtn\scrollbar.bmp' source='0,0,10,10'&quot; button1hotimage=&quot;file='SysBtn\scrollbar.bmp' source='11,0,21,10'&quot; button1pushedimage=&quot;file='SysBtn\scrollbar.bmp' source='22,0,32,10'&quot; button1disabledimage=&quot;file='SysBtn\scrollbar.bmp' source='0,0,10,10'&quot; button2normalimage=&quot;file='SysBtn\scrollbar.bmp' source='0,11,10,21'&quot; button2hotimage=&quot;file='SysBtn\scrollbar.bmp' source='11,11,21,21'&quot; button2pushedimage=&quot;file='SysBtn\scrollbar.bmp' source='22,11,32,21'&quot; button2disabledimage=&quot;file='SysBtn\scrollbar.bmp' source='0,11,10,21'&quot; bknormalimage=&quot;file='SysBtn\scrollbar.bmp' source='0,22,10,113' corner='4,4,4,4'&quot; bkhotimage=&quot;file='SysBtn\scrollbar.bmp' source='11,22,21,113' corner='4,4,4,4'&quot; bkpushedimage=&quot;file='SysBtn\scrollbar.bmp' source='22,22,32,113' corner='4,4,4,4'&quot; bkdisabledimage=&quot;file='SysBtn\scrollbar.bmp' source='0,22,10,113' corner='4,4,4,4'&quot; thumbnormalimage=&quot;file='SysBtn\scrollbar.bmp' source='33,0,43,35' corner='4,4,4,4'&quot; thumbhotimage=&quot;file='SysBtn\scrollbar.bmp' source='33,36,43,71' corner='4,4,4,4'&quot; thumbpushedimage=&quot;file='SysBtn\scrollbar.bmp' source='33,72,43,107' corner='4,4,4,4'&quot; thumbdisabledimage=&quot;file='SysBtn\scrollbar.bmp' source='33,0,43,35' corner='4,4,4,4'&quot;" />
    <VerticalLayout name="background"> <!-- 整个窗口的背景色 -->
        <!-- 标题栏区 -->
        <HorizontalLayout height="26"> <!-- 标题栏背景色 bkcolor、bkcolor2、bkcolor3分别是渐变色的三个值-->         
            <VerticalLayout> <!-- 占空位，占据左边所有的空位-->
                <Label text="重命名组" textcolor="#FFFFFFFF" padding="10,2,0,0" align="left,vcenter" font="0"></Label>
            </VerticalLayout>      
            <VerticalLayout width="26"> <!-- 右边三个控件所占的宽度-->
                <Button name="closebtn" tooltip="关闭" width="26" height="26" normalimage=" file='SysBtn\window_close_normal.png' " hotimage=" file='SysBtn\window_close_hover.png' " pushedimage=" file='SysBtn\window_close_pressed.png' "/>
            </VerticalLayout>      
        </HorizontalLayout>        
        <!-- 客户区 -->
        <HorizontalLayout bkcolor="#FFFFFFFF" height="82">
        	<VerticalLayout>
        		<HorizontalLayout></HorizontalLayout>
        		<HorizontalLayout height="26">
        			<HorizontalLayout></HorizontalLayout>
        			<Label padding="0,0,0,0" autocalcwidth="true" font="1" text="重命名组："></Label>
        			<Edit name="editFastWordGroupName" padding="10,0,0,0" width="150" height="26" bordercolor="#FFc8c8c8" bordersize="1"></Edit>
							<HorizontalLayout></HorizontalLayout>
        		</HorizontalLayout>
        		<HorizontalLayout></HorizontalLayout>
        	</VerticalLayout>
        </HorizontalLayout>
        <HorizontalLayout bkcolor="#FFEBEBEB">
        	<HorizontalLayout></HorizontalLayout>
        	<HorizontalLayout width="146">
        	<Button name="btnok" padding="0,5,0,0" width="63" height="24" text="确定" textcolor="FFFFFFFF" normalimage="SysBtn\blue_button_normal.png" hotimage="SysBtn\blue_button_hover.png" pushedimage="SysBtn\blue_button_pressed.png" ></Button>
        	<Button name="btncancel" padding="10,5,0,0" width="63" height="24" text="取消" textcolor="FF000000" normalimage="SysBtn\button_normal.png" hotimage="SysBtn\button_hover.png" pushedimage="SysBtn\button_pressed.png"></Button>
        	</HorizontalLayout>
        </HorizontalLayout>
    </VerticalLayout>
</Window>