<?xml version="1.0" encoding="UTF-8"?>
<Window height="26"  roundcorner="2,2"> 
    <TreeNode height="26" folderattr="width=&quot;0&quot; float=&quot;true&quot;" checkboxattr="width=&quot;0&quot; float=&quot;true&quot;" itemattr="width=&quot;0&quot; float=&quot;true&quot;" dotlineattr="width=&quot;0&quot; float=&quot;true&quot;">
        <HorizontalLayout name="itemfastword">
        	<Label name="fastwordnum" padding="5,0,0,0" width="50" align="center" textcolor="#FFC7C7C7"></Label>
        	<Label name="fastword" padding="5,0,0,0" endellipsis="true"></Label>
        	<HorizontalLayout width="18">
        		<Button name="fastwordnodeconfig" width="16" height="16" padding="0,4,0,0" bkimage="file='SysBtn\setting_normal.png'" normalimage="file='SysBtn\setting_normal.png'" hotimage="file='SysBtn\setting_hover.png'" pushedimage="file='SysBtn\setting_pressed.png'"></Button>
        	</HorizontalLayout>
        </HorizontalLayout>
    </TreeNode>
</Window>