<?xml version="1.0" encoding="utf-8" standalone="yes" ?>
<Window size="382,247" mininfo="382,247">
    <Font name="微软雅黑" size="12" bold="false" italic="false" default="true" />
    <Font name="微软雅黑" size="12" bold="true" italic="false" />
    <VerticalLayout bkcolor="#FFFFFFFF" bkcolor2="#FFFFFFFF">
          <Label text="文件管理:" width="154" height="25" textpadding="20,0,0,0" textcolor="#FF2E2E2E" disabledtextcolor="#FFA7A6AA" font="1" />
          <Label text="接收的文件保存到以下位置:" width="254" height="25" padding="20,0,0,0" textpadding="25,0,0,0" textcolor="#FF2E2E2E" disabledtextcolor="#FFA7A6AA" font="0" />
          <Edit name="LogSavePath" height="25" bkcolor="#FFFFFFFF"padding="20,0,0,0"  textpadding="25,0,0,0" textcolor="#FF2E2E2E" disabledtextcolor="#FFA7A6AA" />
          <HorizontalLayout height="25">
              <Button name="ChangeDir" text="更改目录" width="70" height="25" padding="45,0,0,0"   normalimage=" file='SysBtn\button_normal.png' " hotimage=" file='SysBtn\button_hover.png' " pushedimage=" file='SysBtn\button_pressed.png' "  textcolor="#FF2E2E2E" disabledtextcolor="#FFA7A6AA" font="0" align="center" />
              <Label width="25"/>
              <Button name="OpenFolder" text="打开文件夹" width="90" height="25" padding="20,0,0,0"  normalimage=" file='SysBtn\button_normal.png' " hotimage=" file='SysBtn\button_hover.png' " pushedimage=" file='SysBtn\button_pressed.png' "  textcolor="#FF2E2E2E" disabledtextcolor="#FFA7A6AA" font="0" align="center" />
          </HorizontalLayout>
          <Label text="清理个人文件:" width="100" height="25" padding="20,0,0,0"  textpadding="25,0,0,0" ttextcolor="#FF2E2E2E" disabledtextcolor="#FFA7A6AA" font="0" align="left" />
          <HorizontalLayout height="25">
              <Label text="已选择" width="60" height="25" padding="20,0,0,0" textpadding="25,0,0,0" ttextcolor="#FF2E2E2E" disabledtextcolor="#FFA7A6AA" font="0" align="left" />
              <Button name="clearbtn" text="立即清理" width="80" height="25" padding="220,0,0,0" normalimage=" file='SysBtn\button_normal.png' " hotimage=" file='SysBtn\button_hover.png' " pushedimage=" file='SysBtn\button_pressed.png' "  textcolor="#FF2E2E2E" disabledtextcolor="#FFA7A6AA" font="0" align="center" />
          </HorizontalLayout>
          <HorizontalLayout height="25">
          	  <Option name= "FileBuf" text="缓存文件" width="125" height="25" padding="45,0,0,0" align="left,vcenter" endellipsis="true" textpadding="20,0,0,0" textcolor="#FF2E2E2E" disabledtextcolor="#FFA7A6AA" font="0" normalimage="file='SysBtn\check_box_normal.png' source='0,0,16,16' dest='0,4,16,20'" selectedimage="file='SysBtn\check_box_pressed.png' source='0,0,16,16' dest='0,4,16,20'" hotimage="file='SysBtn\check_box_hover.png' source='0,0,16,16' dest='0,4,16,20'" selectedhotimage="file='SysBtn\checked_box_hover.png' source='0,0,16,16' dest='0,4,16,20'"  hottextcolor="#50A8DE" pushedtextcolor="#50A8DE" />
              <Label name= "FileBufNum" text="0个文件" width="80" height="25" textpadding="10,0,0,0" textcolor="#FF2E2E2E" disabledtextcolor="#FFA7A6AA" font="0" />
              <Label name= "FileBufSize" text="0MB" width="90" height="25" textpadding="10,0,0,0" textcolor="#FF2E2E2E" disabledtextcolor="#FFA7A6AA" />
          </HorizontalLayout>
          <Label text="(哞哞运行中产生的垃圾文件,需定期清理)" width="280" height="20" padding="20,0,0,0" textpadding="25,0,0,0" textcolor="#FF2E2E2E" disabledtextcolor="#FFA7A6AA" font="0" align="center" />
          <HorizontalLayout height="25">
              <Option name= "ClusterPic" text="群图片" width="125" height="25" padding="45,0,0,0" align="left,vcenter" endellipsis="true" textpadding="20,0,0,0" textcolor="#FF2E2E2E" disabledtextcolor="#FFA7A6AA" font="0" normalimage="file='SysBtn\check_box_normal.png' source='0,0,16,16' dest='0,4,16,20'" selectedimage="file='SysBtn\check_box_pressed.png' source='0,0,16,16' dest='0,4,16,20'" hotimage="file='SysBtn\check_box_hover.png' source='0,0,16,16' dest='0,4,16,20'" selectedhotimage="file='SysBtn\checked_box_hover.png' source='0,0,16,16' dest='0,4,16,20'"  hottextcolor="#50A8DE" pushedtextcolor="#50A8DE" />
              <Label name= "ClusterPicNum" text="0个文件" width="80" height="25" textpadding="10,0,0,0" textcolor="#FF2E2E2E" disabledtextcolor="#FFA7A6AA" font="0" />
              <Label name= "ClusterPicSize" text="0MB" width="90" height="25" textpadding="10,0,0,0" textcolor="#FF2E2E2E" disabledtextcolor="#FFA7A6AA" />
              <Button name="viewClusterBufbtn" text="查看" width="50" height="25" textpadding="10,0,0,0" textcolor="#FF2E2E2E" disabledtextcolor="#FFA7A6AA" font="0" align="center" />
          </HorizontalLayout>
          <HorizontalLayout height="25">
          	  <Option name= "CustPic" text="联系人图片" width="125" height="25" padding="45,0,0,0" align="left,vcenter" endellipsis="true" textpadding="20,0,0,0" textcolor="#FF2E2E2E" disabledtextcolor="#FFA7A6AA" font="0" normalimage="file='SysBtn\check_box_normal.png' source='0,0,16,16' dest='0,4,16,20'" selectedimage="file='SysBtn\check_box_pressed.png' source='0,0,16,16' dest='0,4,16,20'" hotimage="file='SysBtn\check_box_hover.png' source='0,0,16,16' dest='0,4,16,20'" selectedhotimage="file='SysBtn\checked_box_hover.png' source='0,0,16,16' dest='0,4,16,20'"  hottextcolor="#50A8DE" pushedtextcolor="#50A8DE" />
              <Label name= "CustPicNum" text="0个文件" width="80" height="25" textpadding="10,0,0,0" textcolor="#FF2E2E2E" disabledtextcolor="#FFA7A6AA" font="0" />
              <Label name= "CustPicSize" text="0MB" width="90" height="25" textpadding="10,0,0,0" textcolor="#FF2E2E2E" disabledtextcolor="#FFA7A6AA" />
              <Button name="viewCustPicbtn" text="查看" width="50" height="25" textpadding="10,0,0,0" textcolor="#FF2E2E2E" disabledtextcolor="#FFA7A6AA" font="0" align="center" />
          </HorizontalLayout>
          <HorizontalLayout height="25">
          	  <Option name= "RecvFile" text="接收到的文件" width="125" height="25" padding="45,0,0,0" align="left,vcenter" endellipsis="true" textpadding="20,0,0,0" textcolor="#FF2E2E2E" disabledtextcolor="#FFA7A6AA" font="0" normalimage="file='SysBtn\check_box_normal.png' source='0,0,16,16' dest='0,4,16,20'" selectedimage="file='SysBtn\check_box_pressed.png' source='0,0,16,16' dest='0,4,16,20'" hotimage="file='SysBtn\check_box_hover.png' source='0,0,16,16' dest='0,4,16,20'" selectedhotimage="file='SysBtn\checked_box_hover.png' source='0,0,16,16' dest='0,4,16,20'"  hottextcolor="#50A8DE" pushedtextcolor="#50A8DE" />
              <Label name=  "RecvFileNum"  text="0个文件" width="80" height="25" textpadding="10,0,0,0" textcolor="#FF2E2E2E" disabledtextcolor="#FFA7A6AA" font="0" />
              <Label name=  "RecvFileSize" text="0MB" width="90" height="25" textpadding="10,0,0,0" textcolor="#FF2E2E2E" disabledtextcolor="#FFA7A6AA" />
              <Button name="viewRecvFilebtn" text="查看" width="50" height="25" textpadding="10,0,0,0" textcolor="#FF2E2E2E" disabledtextcolor="#FFA7A6AA" font="0" align="center" />
          </HorizontalLayout>   
    </VerticalLayout>
</Window>
