<?xml version="1.0" encoding="UTF-8"?>
<Window size="382,247" mininfo="382,247"> 
    <Font name="微软雅黑" size="12" bold="false" default="true" />
    <Font name="微软雅黑" size="12" bold="true"/>
    <Default name="VScrollBar" value="width=&quot;10&quot; button1normalimage=&quot;file='SysBtn\scrollbar.bmp' source='0,0,10,10'&quot; button1hotimage=&quot;file='SysBtn\scrollbar.bmp' source='11,0,21,10'&quot; button1pushedimage=&quot;file='SysBtn\scrollbar.bmp' source='22,0,32,10'&quot; button1disabledimage=&quot;file='SysBtn\scrollbar.bmp' source='0,0,10,10'&quot; button2normalimage=&quot;file='SysBtn\scrollbar.bmp' source='0,11,10,21'&quot; button2hotimage=&quot;file='SysBtn\scrollbar.bmp' source='11,11,21,21'&quot; button2pushedimage=&quot;file='SysBtn\scrollbar.bmp' source='22,11,32,21'&quot; button2disabledimage=&quot;file='SysBtn\scrollbar.bmp' source='0,11,10,21'&quot; bknormalimage=&quot;file='SysBtn\scrollbar.bmp' source='0,22,10,113' corner='4,4,4,4'&quot; bkhotimage=&quot;file='SysBtn\scrollbar.bmp' source='11,22,21,113' corner='4,4,4,4'&quot; bkpushedimage=&quot;file='SysBtn\scrollbar.bmp' source='22,22,32,113' corner='4,4,4,4'&quot; bkdisabledimage=&quot;file='SysBtn\scrollbar.bmp' source='0,22,10,113' corner='4,4,4,4'&quot; thumbnormalimage=&quot;file='SysBtn\scrollbar.bmp' source='33,0,43,35' corner='4,4,4,4'&quot; thumbhotimage=&quot;file='SysBtn\scrollbar.bmp' source='33,36,43,71' corner='4,4,4,4'&quot; thumbpushedimage=&quot;file='SysBtn\scrollbar.bmp' source='33,72,43,107' corner='4,4,4,4'&quot; thumbdisabledimage=&quot;file='SysBtn\scrollbar.bmp' source='33,0,43,35' corner='4,4,4,4'&quot;" />
    <VerticalLayout bkcolor="#FFFFFFFF" bkcolor2="#FFFFFFFF" height="247" width="382"> <!-- 整个窗口的背景色 -->
        <Label text="文件传输:" width="80" height="28" textpadding="20,0,0,0" textcolor="#FF2E2E2E" disabledtextcolor="#FFA7A6AA" font="1" />
        <Option name="Highlevel" text="安全级-高"  height="28" padding="45,0,0,0" align="left,vcenter" endellipsis="true" textpadding="20,0,0,0"  textcolor="#FF2E2E2E" font="0" normalimage="file='SysBtn\radiobox_normal.png' source='0,0,16,16' dest='0,4,16,20'" selectedimage="file='SysBtn\radiobox_pressed.png' source='0,0,16,16' dest='0,4,16,20'" hotimage="file='SysBtn\radiobox_hover.png' source='0,0,16,16' dest='0,4,16,20'" selectedhotimage="file='SysBtn\radioboxed_hover.png' source='0,0,16,16' dest='0,4,16,20'" selected="true" group="SearchFriendTypeSel" hottextcolor="#50A8DE" pushedtextcolor="#50A8DE" width="300"/>
        <Label text="阻止接收任何文件" width="160" height="28" textpadding="65,0,0,0" textcolor="#FFA0A0A0" disabledtextcolor="#FFA7A6AA" font="0" />
        <Option name="Midlevel" text="安全级-中(推荐)"  height="28" padding="45,0,0,0" align="left,vcenter" endellipsis="true" textpadding="20,0,0,0"  textcolor="#FF2E2E2E" font="0" normalimage="file='SysBtn\radiobox_normal.png' source='0,0,16,16' dest='0,4,16,20'" selectedimage="file='SysBtn\radiobox_pressed.png' source='0,0,16,16' dest='0,4,16,20'" hotimage="file='SysBtn\radiobox_hover.png' source='0,0,16,16' dest='0,4,16,20'" selectedhotimage="file='SysBtn\radioboxed_hover.png' source='0,0,16,16' dest='0,4,16,20'" selected="true" group="SearchFriendTypeSel" hottextcolor="#50A8DE" pushedtextcolor="#50A8DE" width="300"/>
        <Label text="阻止接收高安全风险文件" width="220" height="28" textpadding="65,0,0,0" textcolor="#FFA0A0A0" disabledtextcolor="#FFA7A6AA" font="0" />
        <Option name="Lowlevel" text="安全级-低"  height="28" padding="45,0,0,0" align="left,vcenter" endellipsis="true" textpadding="20,0,0,0"  textcolor="#FF2E2E2E" font="0" normalimage="file='SysBtn\radiobox_normal.png' source='0,0,16,16' dest='0,4,16,20'" selectedimage="file='SysBtn\radiobox_pressed.png' source='0,0,16,16' dest='0,4,16,20'" hotimage="file='SysBtn\radiobox_hover.png' source='0,0,16,16' dest='0,4,16,20'" selectedhotimage="file='SysBtn\radioboxed_hover.png' source='0,0,16,16' dest='0,4,16,20'" selected="true" group="SearchFriendTypeSel" hottextcolor="#50A8DE" pushedtextcolor="#50A8DE" width="300"/>
        <Label text="允许接收任何文件" width="160" height="28" textpadding="65,0,0,0" textcolor="#FFA0A0A0" disabledtextcolor="#FFA7A6AA" font="0" />
    </VerticalLayout>
</Window>