<?xml version="1.0" encoding="utf-8" standalone="yes" ?>
<Window size="500,450" caption="0,0,0,150" mininfo="500,450" roundcorner="4,4">
    <Font name="微软雅黑" size="12" default="true" />
    <Font name="微软雅黑" size="16" bold="true"  />
     <Font name="微软雅黑" size="12" bold="true"  />
    <Font name="微软雅黑" size="12" />
    <Default name="VScrollBar" value="width=&quot;10&quot; button1normalimage=&quot;file='SysBtn\scrollbar.bmp' fade='0' source='0,0,10,10'&quot; button1hotimage=&quot;file='SysBtn\scrollbar.bmp' fade='200' source='11,0,21,10'&quot; button1pushedimage=&quot;file='SysBtn\scrollbar.bmp' fade='200' source='22,0,32,10'&quot; button1disabledimage=&quot;file='SysBtn\scrollbar.bmp' fade='200' source='0,0,10,10'&quot; button2normalimage=&quot;file='SysBtn\scrollbar.bmp' fade='0' source='0,11,10,21'&quot; button2hotimage=&quot;file='SysBtn\scrollbar.bmp' fade='200' source='11,11,21,21'&quot; button2pushedimage=&quot;file='SysBtn\scrollbar.bmp' fade='200' source='22,11,32,21'&quot; button2disabledimage=&quot;file='SysBtn\scrollbar.bmp' fade='200' source='0,11,10,21'&quot; bknormalimage=&quot;file='SysBtn\scrollbar.bmp' source='0,22,10,113' fade='0' corner='4,4,4,4'&quot; bkhotimage=&quot;file='SysBtn\scrollbar.bmp' fade='200' source='11,22,21,113' corner='4,4,4,4'&quot; bkpushedimage=&quot;file='SysBtn\scrollbar.bmp' fade='200' source='22,22,32,113' corner='4,4,4,4'&quot; bkdisabledimage=&quot;file='SysBtn\scrollbar.bmp' fade='200' source='0,22,10,113' corner='4,4,4,4'&quot; thumbnormalimage=&quot;file='SysBtn\scrollbar.bmp' fade='200' source='33,0,43,35' corner='4,4,4,4'&quot; thumbhotimage=&quot;file='SysBtn\scrollbar.bmp' fade='200' source='33,36,43,71' corner='4,4,4,4'&quot; thumbpushedimage=&quot;file='SysBtn\scrollbar.bmp' fade='200' source='33,72,43,107' corner='4,4,4,4'&quot; thumbdisabledimage=&quot;file='SysBtn\scrollbar.bmp' fade='200' source='33,0,43,35' corner='4,4,4,4'&quot;" />
    <VerticalLayout height="450">
        <VerticalLayout name="background" width="500" height="150">
            <VerticalLayout>
                <HorizontalLayout height="26">
                    <Label textcolor="#FF000000" disabledtextcolor="#FFA7A6AA" />
                    <Button name="btnclose" tooltip="关闭" width="26" height="26" textcolor="#FF000000" disabledtextcolor="#FFA7A6AA" align="center" normalimage=" file=&apos;SysBtn\window_close_normal.png&apos; " hotimage=" file=&apos;SysBtn\window_close_hover.png&apos; " pushedimage=" file=&apos;SysBtn\window_close_pressed.png&apos; " />
                </HorizontalLayout>
                <HorizontalLayout height="88">
                    <HorizontalLayout name="BkLayout" width="88" padding="10,0,0,0" bkimage="SysBtn\icon_88x88_bg.png">
                        <ButtonGif name="HeadPhotoLabel" width="88" height="88" bkimage="file=&apos;SysBtn\icon_88x88.png&apos;" textcolor="#FF000000" disabledtextcolor="#FFA7A6AA" />
                    </HorizontalLayout>
                    <VerticalLayout>
                        <Label name="nickNameLabel" width="355" height="30" padding="30,0,0,0" textcolor="#FFFFFFFF" disabledtextcolor="#FFA7A6AA" font="1" endellipsis="true" />
                        <HorizontalLayout width="375" height="29">
                          	<Label name="level" text="等级：" textcolor="FFFFFFFF" width="40" padding="30,0,0,0" />
                            <Label name="levelLabel" width="16" height="16" padding="10,4,0,0" textcolor="#FFFFFFFF" disabledtextcolor="#FFA7A6AA" font="0" endellipsis="true" />
                            <Label name="levelSec" width="16" height="16" padding="0,4,0,0" textcolor="#FFFFFFFF" disabledtextcolor="#FFA7A6AA" font="0" endellipsis="true" />
                            <Label name="levelThird" width="16" height="16" padding="0,4,0,0" textcolor="#FFFFFFFF" disabledtextcolor="#FFA7A6AA" font="0" endellipsis="true" />
                        </HorizontalLayout>
                        <Button name="btnViewRecord" text="发起会话" width="80" height="26" padding="30,4,0,0" textcolor="#FF2E2E2E" disabledtextcolor="#FFA7A6AA" font="0" align="center" normalimage=" file=&apos;SysBtn\button_normal.png&apos; " hotimage=" file=&apos;SysBtn\button_hover.png&apos; " pushedimage=" file=&apos;SysBtn\button_pressed.png&apos; " />
                    </VerticalLayout>
                </HorizontalLayout>
            </VerticalLayout>
        
            <Label text="个人资料" width="160" height="28" textpadding="20,0,0,0" textcolor="#FF2E2E2E" disabledtextcolor="#FFA7A6AA" font="2" endellipsis="true" />
        </VerticalLayout>
        <HorizontalLayout width="500" height="26" bkcolor="#FFFFFFFF">
            <Label text="姓名:" width="80" height="26" textpadding="20,0,0,0" textcolor="#FF2E2E2E" disabledtextcolor="#FFA7A6AA" font="0" endellipsis="true" />
            <Label name="labelName" width="300" height="26" textpadding="20,0,0,0" textcolor="#FF2E2E2E" disabledtextcolor="#FFA7A6AA" font="0" endellipsis="true" />
        </HorizontalLayout>
        <HorizontalLayout height="26" bkcolor="#FFFFFFFF">
            <Label text="备注名:" width="80" height="26" padding="20,0,0,0" textcolor="#FF2E2E2E" disabledtextcolor="#FFA7A6AA" font="0" endellipsis="true" />
            <HorizontalLayout name="EditBorder" width="120" height="26" bkcolor="#FFA0A0A0">
                <Edit name="BackNameEdit" height="24" padding="1,1,1,1" bkcolor="#FFFFFFFF" textpadding="4,3,4,3" textcolor="#FF000000" disabledtextcolor="#FFA7A6AA" />
            </HorizontalLayout>
        </HorizontalLayout>
        <HorizontalLayout width="500" height="26" bkcolor="#FFFFFFFF">
            <Label text="选择组:" width="80" height="24" padding="20,0,0,0" textcolor="#FF2E2E2E" disabledtextcolor="#FFA7A6AA" font="0" endellipsis="true" />
            <Combo name="FriGroupCombo" bordersize="1" width="120" height="24" bordercolor="#FFC8C8C8" itemlinecolor="FFFFFFFFF" itemtextpadding="4,0,0,0" itemtextcolor="#FF000000" itemselectedtextcolor="#FF000000" itemselectedbkcolor="#FF3E9FDB" itemhottextcolor="#FF000000" itemhotbkcolor="#FF3E9FDB" itemdisabledtextcolor="#FFCCCCCC" itemdisabledbkcolor="#FFFFFFFF" normalimage="file=&apos;SysBtn\window_drop_down_chat_normal.png&apos; source=&apos;0,0,26,26&apos; corner=&apos;0,26,26,0&apos;" hotimage="file=&apos;SysBtn\window_drop_down_chat_normal.png&apos; source=&apos;0,0,26,26&apos; corner=&apos;0,26,26,0&apos;" pushedimage="file=&apos;SysBtn\window_drop_down_chat_pressed.png&apos; source=&apos;0,0,26,26&apos; corner=&apos;0,26,26,0&apos;" dropboxsize="0,70" />
        </HorizontalLayout>
        <HorizontalLayout width="500" height="26" bkcolor="#FFFFFFFF">
            <Label text="性别:" width="80" height="26" textpadding="20,0,0,0" textcolor="#FF2E2E2E" disabledtextcolor="#FFA7A6AA" font="0" endellipsis="true" />
            <Label name="labelSex" width="80" height="26" textpadding="20,0,0,0" textcolor="#FF2E2E2E" disabledtextcolor="#FFA7A6AA" font="0" endellipsis="true" />
        </HorizontalLayout>
        <HorizontalLayout width="500" height="26" bkcolor="#FFFFFFFF">
            <Label text="所在地:" width="80" height="26" textpadding="20,0,0,0" textcolor="#FF2E2E2E" disabledtextcolor="#FFA7A6AA" font="0" endellipsis="true" />
            <Label name="labelAddr" width="180" height="26" textpadding="20,0,0,0" textcolor="#FF2E2E2E" disabledtextcolor="#FFA7A6AA" font="0" endellipsis="true" />
        </HorizontalLayout>
        <HorizontalLayout width="500" height="26" bkcolor="#FFFFFFFF">
            <Label text="生日:" width="80" height="26" textpadding="20,0,0,0" textcolor="#FF2E2E2E" disabledtextcolor="#FFA7A6AA" font="0" endellipsis="true" />
            <Label name="labelBirthDay" width="200" height="26" textpadding="20,0,0,0" textcolor="#FF2E2E2E" disabledtextcolor="#FFA7A6AA" font="0" endellipsis="true" />
        </HorizontalLayout>
        <HorizontalLayout width="500" height="26" bkcolor="#FFFFFFFF">
            <Label text="手机:" width="80" height="26" textpadding="20,0,0,0" textcolor="#FF2E2E2E" disabledtextcolor="#FFA7A6AA" font="0" endellipsis="true" />
            <Label name="labelCellPhone" width="260" height="26" textpadding="20,0,0,0" textcolor="#FF2E2E2E" disabledtextcolor="#FFA7A6AA" font="0" endellipsis="true" />
        </HorizontalLayout>
        <HorizontalLayout width="500" height="26" bkcolor="#FFFFFFFF">
            <Label text="电话:" width="80" height="26" textpadding="20,0,0,0" textcolor="#FF2E2E2E" disabledtextcolor="#FFA7A6AA" font="0" endellipsis="true" />
            <Label name="labelTel" width="200" height="26" textpadding="20,0,0,0" textcolor="#FF2E2E2E" disabledtextcolor="#FFA7A6AA" font="0" endellipsis="true" />
        </HorizontalLayout>
        <HorizontalLayout width="500" height="26" bkcolor="#FFFFFFFF">
            <Label text="邮箱:" width="80" height="26" textpadding="20,0,0,0" textcolor="#FF2E2E2E" disabledtextcolor="#FFA7A6AA" font="0" endellipsis="true" />
            <Label name="labelMail" width="260" height="26" textpadding="20,0,0,0" textcolor="#FF2E2E2E" disabledtextcolor="#FFA7A6AA" font="0" endellipsis="true" />
        </HorizontalLayout>
        <HorizontalLayout width="500" height="26" bkcolor="#FFFFFFFF">
            <Label name="labelCareer" text="行业:" width="80" height="26" textpadding="20,0,0,0" textcolor="#FF2E2E2E" disabledtextcolor="#FFA7A6AA" font="0" endellipsis="true" />
            <Label name="labelCareerName" width="260" height="26" textpadding="20,0,0,0" textcolor="#FF2E2E2E" disabledtextcolor="#FFA7A6AA" font="0" endellipsis="true" />
        </HorizontalLayout>
        <HorizontalLayout bkcolor="#FFFFFFFF" />
    </VerticalLayout>
</Window>
