<?xml version="1.0" encoding="UTF-8"?>
<Window height="32"  roundcorner="2,2"> 
    <TreeNode folderattr="width=&quot;0&quot; float=&quot;true&quot;" checkboxattr="width=&quot;0&quot; float=&quot;true&quot;" itemattr="width=&quot;0&quot; float=&quot;true&quot;" dotlineattr="width=&quot;0&quot; float=&quot;true&quot;">
        <HorizontalLayout name="itemArea">
            <HorizontalLayout width="30" height="30" padding="0,2,0,0">
                <ButtonGif name="lbHeaderIcon" width="30" height="30"endellipsis="true"/>
                <Label name="lbStatus" float="true" pos="20,20,28,28"/>
                <Label name="labelfill" float="true" pos = "0,0,132,32" textpadding="36,0,0,0"endellipsis="true"/>
            </HorizontalLayout>
            <Label width="12"/>
            <Label name="lbNickName" align="left,vcenter" textcolor="#FF2E2E2E"/>
            <Label width="12"/>
            <Label name="note" align="left,vcenter" textcolor="#FF7E7E7E"/>
            <Label name="lbUnMsg" float="true" visible="false" pos="0,0,0,0" bkimage="file='SysBtn\ummsg_normal.png'" />
        </HorizontalLayout>
    </TreeNode>
</Window>