<?xml version="1.0" encoding="UTF-8"?>
<Window size="480,480" mininfo="480,480" caption="0,0,0,26" bordercolor="#FF90636E" bordersize="1" roundcorner="4,4,4,4" showshadow="true" shadowimage="menu\shadow.png" showshadow="true" shadowcorner="30,30,30,30"> <!-- 窗口的初始尺寸(宽800，高600)、窗口的最小尺寸(宽600，高400)、标题栏拖拽区域(高32)、可拖拽边框大小(这里添加sizebox后就可以拖拽边框调整大小了) -->
    <Font name="微软雅黑" size="12" default="true" />
    <Default name="VScrollBar" value="width=&quot;10&quot; button1normalimage=&quot;file='SysBtn\scrollbar.bmp' fade='0' source='0,0,10,10'&quot; button1hotimage=&quot;file='SysBtn\scrollbar.bmp' fade='200' source='11,0,21,10'&quot; button1pushedimage=&quot;file='SysBtn\scrollbar.bmp' fade='200' source='22,0,32,10'&quot; button1disabledimage=&quot;file='SysBtn\scrollbar.bmp' fade='200' source='0,0,10,10'&quot; button2normalimage=&quot;file='SysBtn\scrollbar.bmp' fade='0' source='0,11,10,21'&quot; button2hotimage=&quot;file='SysBtn\scrollbar.bmp' fade='200' source='11,11,21,21'&quot; button2pushedimage=&quot;file='SysBtn\scrollbar.bmp' fade='200' source='22,11,32,21'&quot; button2disabledimage=&quot;file='SysBtn\scrollbar.bmp' fade='200' source='0,11,10,21'&quot; bknormalimage=&quot;file='SysBtn\scrollbar.bmp' source='0,22,10,113' fade='0' corner='4,4,4,4'&quot; bkhotimage=&quot;file='SysBtn\scrollbar.bmp' fade='200' source='11,22,21,113' corner='4,4,4,4'&quot; bkpushedimage=&quot;file='SysBtn\scrollbar.bmp' fade='200' source='22,22,32,113' corner='4,4,4,4'&quot; bkdisabledimage=&quot;file='SysBtn\scrollbar.bmp' fade='200' source='0,22,10,113' corner='4,4,4,4'&quot; thumbnormalimage=&quot;file='SysBtn\scrollbar.bmp' fade='200' source='33,0,43,35' corner='4,4,4,4'&quot; thumbhotimage=&quot;file='SysBtn\scrollbar.bmp' fade='200' source='33,36,43,71' corner='4,4,4,4'&quot; thumbpushedimage=&quot;file='SysBtn\scrollbar.bmp' fade='200' source='33,72,43,107' corner='4,4,4,4'&quot; thumbdisabledimage=&quot;file='SysBtn\scrollbar.bmp' fade='200' source='33,0,43,35' corner='4,4,4,4'&quot;" />
    <VerticalLayout bkcolor="#FFFFFFFF" bkcolor2="#FFFFFFFF"> <!-- 整个窗口的背景色 -->
        <!-- 标题栏区 -->
        <HorizontalLayout name="background" height="26" bkcolor="#FF4D95C2" bkcolor2="#FF4D95C2"> <!-- 标题栏背景色 bkcolor、bkcolor2、bkcolor3分别是渐变色的三个值-->    <Label name="title" text="群发即时消息" textcolor="#FFFFFFFF" padding="10,2,0,0" align="left,vcenter"/> 
            <Button name="minbtn" tooltip="最小化" width="26" height="26" normalimage=" file='SysBtn\window_minimize_normal.png' " hotimage=" file='SysBtn\window_minimize_hover.png' " pushedimage=" file='SysBtn\window_minimize_pressed.png' "/>   
            <Button name="closebtn" tooltip="关闭" width="26" height="26" normalimage=" file='SysBtn\window_close_normal.png' " hotimage=" file='SysBtn\window_close_hover.png' " pushedimage=" file='SysBtn\window_close_pressed.png' "/>
        </HorizontalLayout>        
        <!-- 客户区 -->
        <HorizontalLayout bkcolor="#FFE1E1E1" height="36">
            <Label text="发送给：" width="80" padding="10,0,0,0," align="left,vcenter"/>
            <Label></Label>
            <Button name="btnAddOther" width="100" height="24" text="选择其他好友" padding="0,6,10,0" normalimage="file='SysBtn\button_normal.png' corner='2,2,2,2'" hotimage="file='SysBtn\button_hover.png' corner='2,2,2,2'" pushedimage="file='SysBtn\button_pressed.png' corner='2,2,2,2'"></Button>
        </HorizontalLayout>
        <VerticalLayout name="vlSel" vscrollbar="true">
        </VerticalLayout>
        <Label height="1" bkcolor="#FFE1E1E1"/>
        <HorizontalLayout name="hltalkbar" height="32" rightbordersize="1" bottombordersize="1" bordercolor="#FFD8DAE4" visible="false">
           <TalkBarWnd padding="1,0,1,1"/>
        </HorizontalLayout>
        <HorizontalLayout height="24">
            <Button name="btnfont" padding="5,1,0,0" width="22" height="22" tooltip="设置字体和颜色" normalimage="file='P2PSendMsgDlgTool\font_size_normal.png'" hotimage="file='P2PSendMsgDlgTool\font_size_hover.png'" pushedimage="file='P2PSendMsgDlgTool\font_size_pressed.png'" ></Button>
            <Button name="btnemotion" padding="5,1,0,0" width="22" height="22" tooltip="表情" normalimage="file='P2PSendMsgDlgTool\expression_normal.png'" hotimage="file='P2PSendMsgDlgTool\expression_hover.png'" pushedimage="file='P2PSendMsgDlgTool\expression_pressed.png'" ></Button>
            <Button name="btnsendPic" padding="5,1,0,0" width="22" height="22" tooltip="发送图片" normalimage="file='P2PSendMsgDlgTool\pictures_normal.png'" hotimage="file='P2PSendMsgDlgTool\pictures_hover.png'" pushedimage="file='P2PSendMsgDlgTool\pictures_pressed.png'" ></Button>
            <Button name="btnscreentool" padding="5,1,0,0" width="20" height="22" tooltip="截图" normalimage="file='P2PSendMsgDlgTool\screenshots_normal.png'" hotimage="file='P2PSendMsgDlgTool\screenshots_hover.png'" pushedimage="file='P2PSendMsgDlgTool\screenshots_pressed.png'" ></Button>
            <Button name="btnscreentoolconfig" padding="0,1,0,0" width="13" height="22" tooltip="截图设置" normalimage="file='P2PSendMsgDlgTool\screenshots_choose_normal.png'" hotimage="file='P2PSendMsgDlgTool\screenshots_choose_hover.png'" pushedimage="file='P2PSendMsgDlgTool\screenshots_choose_pressed.png'" ></Button>
        </HorizontalLayout>
        <HorizontalLayout name="hlricheditsendmsg" height="90">
            <RichEditSendWnd name="richeditsendmsg" padding="1,1,1,1"  height="90" autovscroll="true" vscrollbar="true" textpadding="4,1,4,1" />
        </HorizontalLayout>
        <HorizontalLayout height="36" bkcolor="#FFE1E1E1">
            <Label width="10"></Label>
            <Option name="checkSendOnline" width="130" align="left,vcenter" textpadding="20,0,0,0" text="只发送给在线联系人" textcolor="#FF2E2E2E" normalimage="file='SysBtn\check_box_normal.png' source='0,0,16,16' dest='0,10,16,26'" selectedimage="file='SysBtn\check_box_pressed.png' source='0,0,16,16' dest='0,10,16,26'" hotimage="file='SysBtn\check_box_hover.png' source='0,0,16,16' dest='0,10,16,26'" selectedhotimage="file='SysBtn\checked_box_hover.png' source='0,0,16,16' dest='0,10,16,26'" autocalcwidth="true"/>
            <Label></Label>
            <Button name="btnsend" padding="1,6,0,0" width="61" height="24" text="发送" textcolor="FFFFFFFF" normalimage="file='P2PSendMsgDlg\model_button_left_normal.png'" hotimage="file='P2PSendMsgDlg\model_button_left_hover.png'" pushedimage="file='P2PSendMsgDlg\model_button_left_pressed.png'"></Button>
            <Button name="btnsendconfig" padding="0,6,0,0" width="29" height="24" tooltip="快捷键设置" normalimage="file='P2PSendMsgDlg\model_button_left_right.png'" hotimage="file='P2PSendMsgDlg\model_button_right_hover.png'" pushedimage="file='P2PSendMsgDlg\model_button_right_pressed.png'"></Button>
            <Label width="10"></Label>
        </HorizontalLayout>
    </VerticalLayout>
</Window>