<?xml version="1.0" encoding="UTF-8"?>
<Window size="230,480" mininfo="230,480" caption="0,0,0,26" bordercolor="#FF90636E" bordersize="1" roundcorner="4,4,4,4" showshadow="true" shadowimage="menu\shadow.png" showshadow="true" shadowcorner="30,30,30,30"> <!-- 窗口的初始尺寸(宽800，高600)、窗口的最小尺寸(宽600，高400)、标题栏拖拽区域(高32)、可拖拽边框大小(这里添加sizebox后就可以拖拽边框调整大小了) -->
    <Font name="微软雅黑" size="12" default="true" />
    <Default name="VScrollBar" value="width=&quot;10&quot; button1normalimage=&quot;file='SysBtn\scrollbar.bmp' fade='0' source='0,0,10,10'&quot; button1hotimage=&quot;file='SysBtn\scrollbar.bmp' fade='200' source='11,0,21,10'&quot; button1pushedimage=&quot;file='SysBtn\scrollbar.bmp' fade='200' source='22,0,32,10'&quot; button1disabledimage=&quot;file='SysBtn\scrollbar.bmp' fade='200' source='0,0,10,10'&quot; button2normalimage=&quot;file='SysBtn\scrollbar.bmp' fade='0' source='0,11,10,21'&quot; button2hotimage=&quot;file='SysBtn\scrollbar.bmp' fade='200' source='11,11,21,21'&quot; button2pushedimage=&quot;file='SysBtn\scrollbar.bmp' fade='200' source='22,11,32,21'&quot; button2disabledimage=&quot;file='SysBtn\scrollbar.bmp' fade='200' source='0,11,10,21'&quot; bknormalimage=&quot;file='SysBtn\scrollbar.bmp' source='0,22,10,113' fade='0' corner='4,4,4,4'&quot; bkhotimage=&quot;file='SysBtn\scrollbar.bmp' fade='200' source='11,22,21,113' corner='4,4,4,4'&quot; bkpushedimage=&quot;file='SysBtn\scrollbar.bmp' fade='200' source='22,22,32,113' corner='4,4,4,4'&quot; bkdisabledimage=&quot;file='SysBtn\scrollbar.bmp' fade='200' source='0,22,10,113' corner='4,4,4,4'&quot; thumbnormalimage=&quot;file='SysBtn\scrollbar.bmp' fade='200' source='33,0,43,35' corner='4,4,4,4'&quot; thumbhotimage=&quot;file='SysBtn\scrollbar.bmp' fade='200' source='33,36,43,71' corner='4,4,4,4'&quot; thumbpushedimage=&quot;file='SysBtn\scrollbar.bmp' fade='200' source='33,72,43,107' corner='4,4,4,4'&quot; thumbdisabledimage=&quot;file='SysBtn\scrollbar.bmp' fade='200' source='33,0,43,35' corner='4,4,4,4'&quot;" />
    <VerticalLayout bkcolor="#FFFFFFFF" bkcolor2="#FFFFFFFF"> <!-- 整个窗口的背景色 -->
        <!-- 标题栏区 -->
        <HorizontalLayout name="background" height="26" bkcolor="#FF4D95C2" bkcolor2="#FF4D95C2"> <!-- 标题栏背景色 bkcolor、bkcolor2、bkcolor3分别是渐变色的三个值-->    <Label name="title" text="选择好友" textcolor="#FFFFFFFF" padding="10,2,0,0" align="left,vcenter"/> 
            <Button name="closebtn" tooltip="关闭" width="26" height="26" normalimage=" file='SysBtn\window_close_normal.png' " hotimage=" file='SysBtn\window_close_hover.png' " pushedimage=" file='SysBtn\window_close_pressed.png' "/>
        </HorizontalLayout>        
        <!-- 客户区 -->
        <Label height="6"/>
        <HorizontalLayout bkcolor="#FF8B8B8B" padding="10,0,10,0" height="26">
            <Label bkimage="file='SysBtn\seach_icon.png' source='0,0,16,16' dest='5,5,21,21'" width="24"/>
            <Edit name="editView" tipvalue="查找好友" tipvaluecolor="#FFFFFFFF" textcolor="#FFFFFFFF" bkcolor="#FF8B8B8B" nativebkcolor="#FF8B8B8B" nativetextcolor="#FFFFFFFF"/>
        </HorizontalLayout>
        <Label height="12"/>
        <HorizontalLayout padding="10,0,10,0" bordercolor="#FFD5D5D5" bordersize="1">
            <FriendTreeView name="listFriend" header="hidden" itemshowhtml="true" vscrollbar="true" itembkcolor="#FFFFFFFF" itemselectedbkcolor="#FFE8E8E8" itemhotbkcolor="#FFF0F0F0" multipleitem="false" multiexpanding="true" padding="1,1,1,1"/>
        </HorizontalLayout>
        <Label height="12"/>
        <HorizontalLayout height="36" bkcolor="#FFE1E1E1">
            <Label></Label>
            <Button name="btnAdd" width="63" height="24" text="添加" padding="0,6,0,0" normalimage="file='SysBtn\button_normal.png' corner='2,2,2,2'" hotimage="file='SysBtn\button_hover.png' corner='2,2,2,2'" pushedimage="file='SysBtn\button_pressed.png' corner='2,2,2,2'"></Button>
            <Label></Label>
        </HorizontalLayout>
    </VerticalLayout>
</Window>