<?xml version="1.0" encoding="UTF-8"?>
<Window height="28"  roundcorner="2,2"> 
    <TreeNode folderattr="width=&quot;0&quot; float=&quot;true&quot;" checkboxattr="width=&quot;0&quot; float=&quot;true&quot;" itemattr="width=&quot;0&quot; float=&quot;true&quot;" dotlineattr="width=&quot;0&quot; float=&quot;true&quot;">
        <CheckBox name="checkSel" normalimage="SysBtn\check_box_normal.png" selectedimage="SysBtn\check_box_pressed.png" hotimage="SysBtn\check_box_hover.png" selectedhotimage="SysBtn\checked_box_hover.png" pos="0,6" float="true" width="16" height="16"/>
        <HorizontalLayout name="itemArea" padding="18,0,0,0">
            <ButtonGif name="lbHeaderIcon" width="26" height="26"/>
            <Label width="6"/>
            <Label name="lbNickName" align="left,vcenter" textcolor="#FF2E2E2E" endellipsis="true"/>
        </HorizontalLayout>
    </TreeNode>
</Window>