<?xml version="1.0" encoding="utf-8"?>
<Window shadowimage="menu\menu_shadow.png" showshadow="true" shadowcorner="15,15,15,15">
    <Font name="微软雅黑" size="12" bold="false" default="true" />
    <Default name="Menu" value="bordersize=&quot;1&quot; borderround=&quot;0,0&quot; bordercolor=&quot;0xAFAFAF&quot; inset=&quot;2,2,2,2&quot; itemtextpadding=&quot;26,0,0,0&quot; bkcolor=&quot;0xFFFFFFFF&quot; itemselectedbkcolor=&quot;0xFF338ACA&quot; itemselectedtextcolor=&quot;0xFFFFFFFF&quot;"/>
    <Default name="ExplandIcon" value="SysBtn/gourp_off_arrow.png" />
    <Menu itemtextcolor="#FF2e2e2e">
        <MenuElement name="MenuOnline" text="在线" icon="FriendStatus/status_online.png" iconsize="12,12" checkitem="false" ischeck="false" height="22" width="75"/>
        <MenuElement name="MenuBusy" text="忙碌" icon="FriendStatus/status_busy.png" iconsize="12,12" checkitem="false" ischeck="false" height="22" width="75"/>
        <MenuElement name="MenuLeave" text="离开" icon="FriendStatus/status_leave.png" iconsize="12,12" checkitem="false" ischeck="false" height="22" width="75"/>
        <MenuElement name="MenuStealth" text="隐身" icon="FriendStatus/status_stealth.png" iconsize="12,12" checkitem="false" ischeck="false" height="22" width="75"/>
    </Menu>
</Window>