<?xml version="1.0" encoding="UTF-8"?>
<Window size="282,440" mininfo="282,440" caption="0,0,0,190" bordercolor="#FF90636E" bordersize="1" roundcorner="4,4,4,4" showshadow="true" shadowimage="menu\shadow.png" showshadow="true" shadowcorner="30,30,30,30"> <!-- 窗口的初始尺寸(宽800，高600)、窗口的最小尺寸(宽600，高400)、标题栏拖拽区域(高32)、可拖拽边框大小(这里添加sizebox后就可以拖拽边框调整大小了) -->
    <Font name="微软雅黑" size="12" default="true" />
    <Font name="微软雅黑" size="15" bold="true" />
    <Default name="VScrollBar" value="width=&quot;10&quot; button1normalimage=&quot;file='SysBtn\scrollbar.bmp' source='0,0,10,10'&quot; button1hotimage=&quot;file='SysBtn\scrollbar.bmp' source='11,0,21,10'&quot; button1pushedimage=&quot;file='SysBtn\scrollbar.bmp' source='22,0,32,10'&quot; button1disabledimage=&quot;file='SysBtn\scrollbar.bmp' source='0,0,10,10'&quot; button2normalimage=&quot;file='SysBtn\scrollbar.bmp' source='0,11,10,21'&quot; button2hotimage=&quot;file='SysBtn\scrollbar.bmp' source='11,11,21,21'&quot; button2pushedimage=&quot;file='SysBtn\scrollbar.bmp' source='22,11,32,21'&quot; button2disabledimage=&quot;file='SysBtn\scrollbar.bmp' source='0,11,10,21'&quot; bknormalimage=&quot;file='SysBtn\scrollbar.bmp' source='0,22,10,113' corner='4,4,4,4'&quot; bkhotimage=&quot;file='SysBtn\scrollbar.bmp' source='11,22,21,113' corner='4,4,4,4'&quot; bkpushedimage=&quot;file='SysBtn\scrollbar.bmp' source='22,22,32,113' corner='4,4,4,4'&quot; bkdisabledimage=&quot;file='SysBtn\scrollbar.bmp' source='0,22,10,113' corner='4,4,4,4'&quot; thumbnormalimage=&quot;file='SysBtn\scrollbar.bmp' source='33,0,43,35' corner='4,4,4,4'&quot; thumbhotimage=&quot;file='SysBtn\scrollbar.bmp' source='33,36,43,71' corner='4,4,4,4'&quot; thumbpushedimage=&quot;file='SysBtn\scrollbar.bmp' source='33,72,43,107' corner='4,4,4,4'&quot; thumbdisabledimage=&quot;file='SysBtn\scrollbar.bmp' source='33,0,43,35' corner='4,4,4,4'&quot;" />
    <VerticalLayout name="background"> <!-- 整个窗口的背景色 -->
        <!-- 标题栏区 -->
        <HorizontalLayout height="26">     
            <Label name="title" text="哞哞2015" textcolor="#FFFFFFFF" padding="10,2,0,0" align="left,vcenter"/>  
            <Button name="minbtn" tooltip="最小化" width="26" height="26" normalimage=" file='SysBtn\window_minimize_normal.png' " hotimage=" file='SysBtn\window_minimize_hover.png' " pushedimage=" file='SysBtn\window_minimize_pressed.png' "/>   
            <Button name="closebtn" tooltip="关闭" width="26" height="26" normalimage=" file='SysBtn\window_close_normal.png' " hotimage=" file='SysBtn\window_close_hover.png' " pushedimage=" file='SysBtn\window_close_pressed.png' "/>
        </HorizontalLayout>
        <TabLayout name="pags">
            <VerticalLayout>
                <VerticalLayout name="bk_logindlg" height="164">
                    <Label height="32"/>
                    <HorizontalLayout height="100">
                        <Label></Label>
                        <HorizontalLayout width="100" bkimage="SysBtn\icon_100x100_bg.png">
                            <ButtonGif name="lblUserImgPage1" width="100" height="100" bkimage="file='SysBtn\icon_100x100.png'"/>
                            <Button name="btnStatus" bkimage="FriendStatus\status_online.png" float="true" pos="82,77,94,89" tooltip="更改状态/个人设置"/>
                        </HorizontalLayout>
                        <Label></Label>
                    </HorizontalLayout>
                </VerticalLayout>
                <VerticalLayout bkcolor="#FFF8F8F8">
                    <Label height="25"/>
                    <HorizontalLayout height="34">
                        <Label width="36"/>
                        <HorizontalLayout name="HLayoutName" bkcolor="#FFFFFFFF" bordercolor="#FFc8c8c8" bordersize="1">
                            <Edit name="nameEdit" textpadding="5,5,2,5" padding="1,1,1,1" bkcolor="#00000000" tipvalue="飞牛账号/手机/邮箱" maxchar="60"/>
                            <Button name="btnOtherUser" width="26" normalimage="file='SysBtn\window_drop_down_chat_normal.png'" hotimage="file='SysBtn\window_drop_down_chat_normal.png'" pushedimage="file='SysBtn\window_drop_down_chat_pressed.png'" padding="0,4,0,4" keyboard="false"/>
                            <Label width="5"/>
                        </HorizontalLayout> 
                        <Label width="36"/>
                    </HorizontalLayout>
                    <HorizontalLayout height="34">
                        <Label width="36"/>
                        <Edit name="pwdEdit" password="true" textpadding="5,5,5,5" bkcolor="#FFFFFFFF" bordercolor="#FFc8c8c8" bordersize="1" tipvalue="密码" maxchar="18" padding="0,-1,0,0" passwordchar="*"/>
                        <Label width="36"/>
                    </HorizontalLayout>  
                    <Label height="25"/>  
                    <HorizontalLayout height="26">
                        <Label width="36"/>
                        <Option name="checkRememberPwd" width="72" align="left,vcenter" textpadding="20,0,0,0" text="记住密码" textcolor="#FF2E2E2E" normalimage="file='SysBtn\check_box_normal.png' source='0,0,16,16' dest='0,4,16,20'" selectedimage="file='SysBtn\check_box_pressed.png' source='0,0,16,16' dest='0,4,16,20'" hotimage="file='SysBtn\check_box_hover.png' source='0,0,16,16' dest='0,4,16,20'" selectedhotimage="file='SysBtn\checked_box_hover.png' source='0,0,16,16' dest='0,4,16,20'" autocalcwidth="true"/>
                        <Label width="70"/>
                        <Option name="checkAutoLogin" width="72" align="left,vcenter" textpadding="20,0,0,0" text="自动登录" textcolor="#FF2E2E2E" normalimage="file='SysBtn\check_box_normal.png' source='0,0,16,16' dest='0,4,16,20'" selectedimage="file='SysBtn\check_box_pressed.png' source='0,0,16,16' dest='0,4,16,20'" hotimage="file='SysBtn\check_box_hover.png' source='0,0,16,16' dest='0,4,16,20'" selectedhotimage="file='SysBtn\checked_box_hover.png' source='0,0,16,16' dest='0,4,16,20'" autocalcwidth="true"/>
                        <Label width="36"/>
                    </HorizontalLayout> 
                    <Label height="20"/>
                    <HorizontalLayout height="34">
                        <Label></Label> 
                        <Button name="btnLogin" width="135" normalimage=" file='SysBtn\login_button_normal.png' " hotimage=" file='SysBtn\login_button_hover.png' " pushedimage=" file='SysBtn\login_button_pressed.png' " text="登  录" textcolor="#FF2e2e2e" align="center,vcenter" font="1"/>
                        <Label></Label>     
                    </HorizontalLayout>
                    <Label></Label>
                    <HorizontalLayout height="14">
                        <Label></Label>
                        <Button name="btnRegister" width="26" text="注册" textcolor="#FF2e2e2e" align="left,vcenter" hottextcolor="#FF50A8DE" pushedtextcolor="#FF50A8DE" autocalcwidth="true"/>
                        <Label width="22"/>
                        <Button name="btnForgetPwd" width="52" text="忘记密码" textcolor="#FF2e2e2e" align="left,vcenter" hottextcolor="#FF50A8DE" pushedtextcolor="#FF50A8DE" autocalcwidth="true"/>
                        <Label width="12"/>
                    </HorizontalLayout> 
                    <Label height="14"/> 
                </VerticalLayout>
            </VerticalLayout>
            <VerticalLayout>
                <Label height="32"/>
                <HorizontalLayout height="100">
                    <Label></Label>
                    <HorizontalLayout name="lblBkRound" width="100" bkimage="SysBtn\icon_100x100_bg.png">
                        <ButtonGif name="lblUserImg" width="100" height="100" bkimage="SysBtn\icon_100x100.png"/>
                        <Label name="lblLoginStatusImg" bkimage="FriendStatus\status_online.png" float="true" pos="82,77,94,89"/>
                    </HorizontalLayout>
                    <Label></Label>                  
                </HorizontalLayout>
                <Label height="30"/>
                <Label height="26" name="textUserName" text="用户名" align="center,vcenter" font="1" textcolor="#FFFFFFFF"/>
                <Label height="20" name="textLoginStatus" text="登录状态" align="center,vcenter" textcolor="#FFFFFFFF"/>
                <Label height="10"/>
                <HorizontalLayout height="48">
                    <Label></Label> 
                    <GifAnim name="gifLogin" width="48" bkimage="SysBtn\loginWait.gif"/>
                    <Label></Label> 
                </HorizontalLayout>
                <Label height="30"/>
                <HorizontalLayout height="34">
                    <Label></Label> 
                    <Button name="btnCancelLogin" width="135" normalimage=" file='SysBtn\login_button_normal.png' " hotimage=" file='SysBtn\login_button_hover.png' " pushedimage=" file='SysBtn\login_button_pressed.png' " text="取消登录" textcolor="#FF2e2e2e" align="center,vcenter" font="1"/>
                    <Label></Label>     
                </HorizontalLayout>
            </VerticalLayout>
        </TabLayout>  
    </VerticalLayout>
</Window>