<?xml version="1.0" encoding="UTF-8"?>
<Window size="282,500" mininfo="282,500" maxinfo="584,9999" caption="0,0,0,45" bordercolor="#FF90636E" bordersize="1" roundcorner="4,4,4,4" sizebox="4,4,6,6" showshadow="true" shadowimage="menu\shadow.png" showshadow="true" shadowcorner="30,30,30,30"> 
    <Include source="font.xml"/>
    <Default name="VScrollBar" value="width=&quot;10&quot; button1normalimage=&quot;file='SysBtn\scrollbar.bmp' fade='0' source='0,0,10,10'&quot; button1hotimage=&quot;file='SysBtn\scrollbar.bmp' fade='200' source='11,0,21,10'&quot; button1pushedimage=&quot;file='SysBtn\scrollbar.bmp' fade='200' source='22,0,32,10'&quot; button1disabledimage=&quot;file='SysBtn\scrollbar.bmp' fade='200' source='0,0,10,10'&quot; button2normalimage=&quot;file='SysBtn\scrollbar.bmp' fade='0' source='0,11,10,21'&quot; button2hotimage=&quot;file='SysBtn\scrollbar.bmp' fade='200' source='11,11,21,21'&quot; button2pushedimage=&quot;file='SysBtn\scrollbar.bmp' fade='200' source='22,11,32,21'&quot; button2disabledimage=&quot;file='SysBtn\scrollbar.bmp' fade='200' source='0,11,10,21'&quot; bknormalimage=&quot;file='SysBtn\scrollbar.bmp' source='0,22,10,113' fade='0' corner='4,4,4,4'&quot; bkhotimage=&quot;file='SysBtn\scrollbar.bmp' fade='200' source='11,22,21,113' corner='4,4,4,4'&quot; bkpushedimage=&quot;file='SysBtn\scrollbar.bmp' fade='200' source='22,22,32,113' corner='4,4,4,4'&quot; bkdisabledimage=&quot;file='SysBtn\scrollbar.bmp' fade='200' source='0,22,10,113' corner='4,4,4,4'&quot; thumbnormalimage=&quot;file='SysBtn\scrollbar.bmp' fade='200' source='33,0,43,35' corner='4,4,4,4'&quot; thumbhotimage=&quot;file='SysBtn\scrollbar.bmp' fade='200' source='33,36,43,71' corner='4,4,4,4'&quot; thumbpushedimage=&quot;file='SysBtn\scrollbar.bmp' fade='200' source='33,72,43,107' corner='4,4,4,4'&quot; thumbdisabledimage=&quot;file='SysBtn\scrollbar.bmp' fade='200' source='33,0,43,35' corner='4,4,4,4'&quot;" />
    <VerticalLayout name="background"> 
        <HorizontalLayout height="26">     
            <Label name="title" text="哞哞2015" textcolor="#FFFFFFFF" padding="10,2,0,0" align="left,vcenter"/> 
            <Button name="helpbtn" tooltip="操作手册下载" width="26" height="26" normalimage=" file='SysBtn\window_help_normal.png' " hotimage=" file='SysBtn\window_help_hover.png' " pushedimage=" file='SysBtn\window_help_pressed.png' "/>
            <Button name="skinbtn" tooltip="一键换肤" width="26" height="26" normalimage=" file='SysBtn\skin_icon_normal.png' " hotimage=" file='SysBtn\skin_icon_hover.png' " pushedimage=" file='SysBtn\skin_icon_pressed.png' "/>
            <Button name="minbtn" tooltip="最小化" width="26" height="26" normalimage=" file='SysBtn\window_minimize_normal.png' " hotimage=" file='SysBtn\window_minimize_hover.png' " pushedimage=" file='SysBtn\window_minimize_pressed.png' "/>   
            <Button name="closebtn" tooltip="关闭" width="26" height="26" normalimage=" file='SysBtn\window_close_normal.png' " hotimage=" file='SysBtn\window_close_hover.png' " pushedimage=" file='SysBtn\window_close_pressed.png' "/>
        </HorizontalLayout>
        <HorizontalLayout height="60">
             <VerticalLayout name="userimg" width="50" height="50" bkimage="file='SysBtn\icon_100x100_bg.png'" padding="10,5,0,0">
                <ButtonGif name="btnModSelfInfo" width="50" height="50" bkimage="file='SysBtn\icon_50x50_bg.png'" tooltip="修改个人资料"/>
            </VerticalLayout>
            <VerticalLayout height="50" padding="10,5,0,5">
                <HorizontalLayout height="26">
                    <Label name="lbUserName" text="hupan" font="1" textcolor="#FFFFFFFF" align="left,vcenter"/>
                    <Button name="btnStatus" width="12" height="12" padding="10,7,0,0" align="left,vcenter"/>
                </HorizontalLayout>
                <Edit name="editSign" text="" bkcolor="#00FFFFFF" textcolor="#FFFFFFFF" autocalcwidth="true" maxwidth="200" tipvalue="&lt;点击这里,输入你的个性签名&gt;" tipvaluecolor="#FFFFFF" focusedimage="file='Edit\edit.png' source='0,0,30,26' corner='3,3,3,3'"/>
            </VerticalLayout>
        </HorizontalLayout>
        <TabLayout name="tabSearch" bkimage="SysBtn\tranpic20.png" height="30" selectedid="0">
            <VerticalLayout bkcolor="#00FFFFFF">
                <HorizontalLayout bkcolor="#00FFFFFF">
                    <Edit name="editView" tipvalue="搜索联系人、群" tipvaluecolor="#FFFFFFFF" height="30" bkcolor="#00FFFFFF" height="30" textcolor="#FFFFFFFF"/>
                    <Label bkimage="SysBtn\seach_icon.png" height="16" width="16" padding="0,7,0,0"/>
                    <Label width="8"></Label>
                </HorizontalLayout>
            </VerticalLayout>
            <VerticalLayout>
                <HorizontalLayout bkcolor="#FFFFFFFF">
                    <Edit name="editSearchValue" height="30" textcolor="#FF2E2E2E"/>
                    <Button name="btnCancelSearch" tooltip="清除" bkimage="SysBtn\close.png" height="16" width="16" padding="0,7,0,0"/>
                    <Label width="8"></Label>
                </HorizontalLayout>
            </VerticalLayout>
        </TabLayout>
        <TabLayout name="tabPagesAndSearchList" selectedid="0">
            <VerticalLayout>    
                <VerticalLayout height="36" bkcolor="#FFDDDDDD">
                    <Label height="2"></Label>
                    <HorizontalLayout>
                        <Option name="recentBtn" group="mainTab" tooltip="最近联系人" normalimage="file='SysBtn\gray.png'" hotimage="file='SysBtn\gray.png'" pushedimage="file='SysBtn\white.png'" focusedimage="file='SysBtn\white.png'" selectedimage="file='SysBtn\white.png'" foreimage="file='SysBtn\historical_record_normal-.png' dest='37,7,57,27'" selectedforeimage="file='SysBtn\historical_record_pressed.png' dest='37,7,57,27'"/>
                        <Option name="friendBtn" selected="true" group="mainTab" tooltip="好友" normalimage="file='SysBtn\gray.png'" hotimage="file='SysBtn\gray.png'" pushedimage="file='SysBtn\white.png'" focusedimage="file='SysBtn\white.png'" selectedimage="file='SysBtn\white.png'" foreimage="file='SysBtn\friends_normal.png' dest='37,7,57,27'" selectedforeimage="file='SysBtn\friends_pressed.png' dest='37,7,57,27'"/>
                        <Option name="clusterBtn" group="mainTab" tooltip="群" normalimage="file='SysBtn\gray.png'" hotimage="file='SysBtn\gray.png'" pushedimage="file='SysBtn\white.png'" focusedimage="file='SysBtn\white.png'" selectedimage="file='SysBtn\white.png'" foreimage="file='SysBtn\group_normal.png' dest='37,7,57,27'" selectedforeimage="file='SysBtn\group_pressed.png' dest='37,7,57,27'"/>
                    </HorizontalLayout>
                </VerticalLayout>
                <TabLayout name="mainTab" bkcolor="#FFFFFFFF" selectedid="1">
                    <VerticalLayout>
                        <RecentList name="lsRecent" header="hidden" itemshowhtml="true" vscrollbar="true" itembkcolor="#FFFFFFFF" itemselectedbkcolor="#FFE8E8E8" itemhotbkcolor="#FFF0F0F0" multipleitem="false" multiexpanding="true"/>
                    </VerticalLayout>
                    <VerticalLayout>
                        <FriendTreeView name="lsFriend" header="hidden" itemshowhtml="true" vscrollbar="true" itembkcolor="#FFFFFFFF" itemselectedbkcolor="#FFE8E8E8" itemhotbkcolor="#FFF0F0F0" multipleitem="false" multiexpanding="true">
                    </FriendTreeView>
                    </VerticalLayout>
                    <VerticalLayout>
                        <ClusterTreeView name="lsGroup" header="hidden" itemshowhtml="true" vscrollbar="true" itembkcolor="#FFFFFFFF" itemselectedbkcolor="#FFE8E8E8" itemhotbkcolor="#FFF0F0F0" multipleitem="false" multiexpanding="true"/>
                    </VerticalLayout>
                </TabLayout>
            </VerticalLayout>
            <VerticalLayout>
                <Label height="1" bkcolor="#FFECECEC"/>
                <TabLayout name="tabs">
                    <VerticalLayout bkcolor="#FFFFFFFF" bkcolor2="#FFFFFFFF">
                        <SearchList name="searchlist" header="hidden" itemshowhtml="true" vscrollbar="true" itembkcolor="#FFFFFFFF" itemselectedbkcolor="#FFECECEC" itemhotbkcolor="#FFF8F8F8"/>         
                    </VerticalLayout>
                    <VerticalLayout bkcolor="#FFFFFFFF" bkcolor2="#FFFFFFFF">
                        <Label text="无搜索结果..." align="center,vcenter" textcolor="#FF7E7E7E" endellipsis="true" height="32"/>
                        <Button name="btnTempSession" textpadding="10,0,0,0" align="left,vcenter" textcolor="#FF2E2E2E" endellipsis="true" hotimage=" file='SysBtn\yellow.png' corner='2,2,2,2' " pushedimage=" file='SysBtn\yellow.png' corner='2,2,2,2' " height="32"/>
                    </VerticalLayout>
                </TabLayout>
            </VerticalLayout>
        </TabLayout>
        <VerticalLayout height="40" bkcolor="#FFDEDEDE">
            <Label height="9"></Label>
            <HorizontalLayout height="22">
                <Label width="10"></Label>
                <Button name="btnMenu" width="22" tooltip="菜单" normalimage="MainToolBar\icon_menu_normal.png" hotimage="MainToolBar\icon_menu_hover.png" pushedimage="MainToolBar\icon_menu_pressed.png"/>
                <Label width="10"></Label>
                <Button name="btnSysSetting" width="22" tooltip="系统设置" normalimage="MainToolBar\setting_normal.png" hotimage="MainToolBar\setting_hover.png" pushedimage="MainToolBar\setting_pressed.png"/>
                <Label width="10"></Label>
                <Button name="btnMsgManage" width="22" tooltip="消息管理器" normalimage="MainToolBar\voice-_setting_normal.png" hotimage="MainToolBar\voice-_setting_hover.png" pushedimage="MainToolBar\voice-_setting_pressed.png"/>
                <Label name="labelUnMsg" visible="false" padding="-4,0,0,0" width="6" height="6" bkimage="file='SysBtn\ummsg_normal.png'" />
                <Label width="8"></Label>
                <Button name="btnAddFriend" width="22" tooltip="添加/查找好友" normalimage="MainToolBar\add_any_normal.png" hotimage="MainToolBar\add_any_hover.png" pushedimage="MainToolBar\add_any_pressed.png"/>
                <Label width="10"></Label>
                <Button name="btnNearCust" width="22" tooltip="最近联系客户" normalimage="MainToolBar\icon_historical_normal.png" hotimage="MainToolBar\icon_historical_hover.png" pushedimage="MainToolBar\icon_historical_pressed.png"/>
                <Label></Label>
                <Button name="btnSellerHome" width="22" tooltip="商家入口" normalimage="MainToolBar\icon_backend_normal-.png" hotimage="MainToolBar\icon_backend_hover.png" pushedimage="MainToolBar\icon_backend_pressed.png"/>
                <Label width="10"></Label>
            </HorizontalLayout>
            
            <Label height="9"></Label>
        </VerticalLayout>
    </VerticalLayout>
</Window>