<?xml version="1.0" encoding="UTF-8"?>
<Window size="280,150" mininfo="280,150" caption="0,0,0,26" bordercolor="#FF90636E" bordersize="1" roundcorner="4,4,4,4" showshadow="true" shadowimage="menu\shadow.png" showshadow="true" shadowcorner="30,30,30,30"> <!-- 窗口的初始尺寸(宽800，高600)、窗口的最小尺寸(宽600，高400)、标题栏拖拽区域(高32)、可拖拽边框大小(这里添加sizebox后就可以拖拽边框调整大小了) -->
    <Font name="微软雅黑" size="12" default="true" />
    <Default name="VScrollBar" value="width=&quot;10&quot; button1normalimage=&quot;file='SysBtn\scrollbar.bmp' source='0,0,10,10'&quot; button1hotimage=&quot;file='SysBtn\scrollbar.bmp' source='11,0,21,10'&quot; button1pushedimage=&quot;file='SysBtn\scrollbar.bmp' source='22,0,32,10'&quot; button1disabledimage=&quot;file='SysBtn\scrollbar.bmp' source='0,0,10,10'&quot; button2normalimage=&quot;file='SysBtn\scrollbar.bmp' source='0,11,10,21'&quot; button2hotimage=&quot;file='SysBtn\scrollbar.bmp' source='11,11,21,21'&quot; button2pushedimage=&quot;file='SysBtn\scrollbar.bmp' source='22,11,32,21'&quot; button2disabledimage=&quot;file='SysBtn\scrollbar.bmp' source='0,11,10,21'&quot; bknormalimage=&quot;file='SysBtn\scrollbar.bmp' source='0,22,10,113' corner='4,4,4,4'&quot; bkhotimage=&quot;file='SysBtn\scrollbar.bmp' source='11,22,21,113' corner='4,4,4,4'&quot; bkpushedimage=&quot;file='SysBtn\scrollbar.bmp' source='22,22,32,113' corner='4,4,4,4'&quot; bkdisabledimage=&quot;file='SysBtn\scrollbar.bmp' source='0,22,10,113' corner='4,4,4,4'&quot; thumbnormalimage=&quot;file='SysBtn\scrollbar.bmp' source='33,0,43,35' corner='4,4,4,4'&quot; thumbhotimage=&quot;file='SysBtn\scrollbar.bmp' source='33,36,43,71' corner='4,4,4,4'&quot; thumbpushedimage=&quot;file='SysBtn\scrollbar.bmp' source='33,72,43,107' corner='4,4,4,4'&quot; thumbdisabledimage=&quot;file='SysBtn\scrollbar.bmp' source='33,0,43,35' corner='4,4,4,4'&quot;" />
    <VerticalLayout bkcolor="#FFFFFFFF" bkcolor2="#FFFFFFFF"> <!-- 整个窗口的背景色 -->
        <!-- 标题栏区 -->
        <HorizontalLayout name="background" height="26" bkcolor="#FF4D95C2" bkcolor2="#FF4D95C2"> <!-- 标题栏背景色 bkcolor、bkcolor2、bkcolor3分别是渐变色的三个值-->         
            <VerticalLayout> <!-- 占空位，占据左边所有的空位-->
                <Label name="lbTitle" text="提示" textcolor="#FFFFFFFF" padding="10,2,0,0" align="left,vcenter" font="0"></Label>
            </VerticalLayout>      
            <VerticalLayout width="26"> <!-- 右边三个控件所占的宽度-->
                <Button name="closebtn" tooltip="关闭" width="26" height="26" normalimage=" file='SysBtn\window_close_normal.png' " hotimage=" file='SysBtn\window_close_hover.png' " pushedimage=" file='SysBtn\window_close_pressed.png' "/>
            </VerticalLayout>      
        </HorizontalLayout>        
        <!-- 客户区 -->
        <HorizontalLayout bkcolor="#FFFFFFFF">
            <Label></Label>
            <VerticalLayout width="17">
                <Label height="20"></Label>
                <Label height="17" bkimage="file='SysBtn\icon_tips_warning.png'"/>
                <Label></Label>
            </VerticalLayout>
            <Label width="3"></Label>
            <VerticalLayout name="vertTextArea" padding="0,0,0,20">
                <Label height="20"></Label>
                <VerticalLayout name="vertText" vscrollbar="true">
                </VerticalLayout>  
            </VerticalLayout>  
            <Label></Label>
        </HorizontalLayout>        
        <HorizontalLayout name="horiBtnArea" height="32" bkcolor="#FFEBEBEB">
            <Label></Label>
        </HorizontalLayout>
    </VerticalLayout>
</Window>