<?xml version="1.0" encoding="UTF-8"?>
<Window size="500,426" mininfo="500,426" caption="0,0,0,26" bordercolor="#FF90636E" bordersize="1" roundcorner="4,4,4,4" showshadow="true" shadowsize="5" shadowsharpness="10"> <!-- 窗口的初始尺寸(宽800，高600)、窗口的最小尺寸(宽600，高400)、标题栏拖拽区域(高32)、可拖拽边框大小(这里添加sizebox后就可以拖拽边框调整大小了) -->
    <Font name="微软雅黑" size="12" default="true" />
    <Font name="微软雅黑" size="16" bold="true" />
    <Font name="微软雅黑" size="13" bold="true"  />
    <Font name="微软雅黑" size="12" />
    <Default name="VScrollBar" value="width=&quot;10&quot; button1normalimage=&quot;file='SysBtn\scrollbar.bmp' fade='0' source='0,0,10,10'&quot; button1hotimage=&quot;file='SysBtn\scrollbar.bmp' fade='200' source='11,0,21,10'&quot; button1pushedimage=&quot;file='SysBtn\scrollbar.bmp' fade='200' source='22,0,32,10'&quot; button1disabledimage=&quot;file='SysBtn\scrollbar.bmp' fade='200' source='0,0,10,10'&quot; button2normalimage=&quot;file='SysBtn\scrollbar.bmp' fade='0' source='0,11,10,21'&quot; button2hotimage=&quot;file='SysBtn\scrollbar.bmp' fade='200' source='11,11,21,21'&quot; button2pushedimage=&quot;file='SysBtn\scrollbar.bmp' fade='200' source='22,11,32,21'&quot; button2disabledimage=&quot;file='SysBtn\scrollbar.bmp' fade='200' source='0,11,10,21'&quot; bknormalimage=&quot;file='SysBtn\scrollbar.bmp' source='0,22,10,113' fade='0' corner='4,4,4,4'&quot; bkhotimage=&quot;file='SysBtn\scrollbar.bmp' fade='200' source='11,22,21,113' corner='4,4,4,4'&quot; bkpushedimage=&quot;file='SysBtn\scrollbar.bmp' fade='200' source='22,22,32,113' corner='4,4,4,4'&quot; bkdisabledimage=&quot;file='SysBtn\scrollbar.bmp' fade='200' source='0,22,10,113' corner='4,4,4,4'&quot; thumbnormalimage=&quot;file='SysBtn\scrollbar.bmp' fade='200' source='33,0,43,35' corner='4,4,4,4'&quot; thumbhotimage=&quot;file='SysBtn\scrollbar.bmp' fade='200' source='33,36,43,71' corner='4,4,4,4'&quot; thumbpushedimage=&quot;file='SysBtn\scrollbar.bmp' fade='200' source='33,72,43,107' corner='4,4,4,4'&quot; thumbdisabledimage=&quot;file='SysBtn\scrollbar.bmp' fade='200' source='33,0,43,35' corner='4,4,4,4'&quot;" />
     <VerticalLayout bkcolor="#FFFFFFFF" bkcolor2="#FFFFFFFF"> <!-- 整个窗口的背景色 -->
        <!-- 标题栏区 -->
        <HorizontalLayout name="background" height="26"> <!-- 标题栏背景色 bkcolor、bkcolor2、bkcolor3分别是渐变色的三个值-->         
          <HorizontalLayout>
          	<HorizontalLayout>
            	<Label text="修改头像" padding="5,2,0,0" textcolor="FFFFFFFF"></Label>
            </HorizontalLayout>
            <HorizontalLayout width="26">
            	<Button name="closebtn" tooltip="关闭" width="26" height="26" normalimage=" file='SysBtn\window_close_normal.png' " hotimage=" file='SysBtn\window_close_hover.png' " pushedimage=" file='SysBtn\window_close_pressed.png' "/>
            </HorizontalLayout>
         	</HorizontalLayout>   
        </HorizontalLayout>  
        <!-- 客户区 -->
        <HorizontalLayout height="35" bkcolor="#FFD4D4D4">
        	<Option name="defaulthead" width="90" height="35" selected="true" group="headTab" text="默认头像" font="2" normalimage="file='ModHeadInconDlg\head_tab_normal.png'" hotimage="file='ModHeadInconDlg\head_tab_hover.png'" selectedimage="file='ModHeadInconDlg\head_tab_pressed.png'" selectedhotimage="file='ModHeadInconDlg\head_tab_pressed.png'" pushedimage="file='ModHeadInconDlg\head_tab_pressed.png'"/>
        	<Option name="customhead" width="90" height="35" group="headTab" text="自定义头像" font="2" normalimage="file='ModHeadInconDlg\head_tab_normal.png'" hotimage="file='ModHeadInconDlg\head_tab_hover.png'" selectedimage="file='ModHeadInconDlg\head_tab_pressed.png'" selectedhotimage="file='ModHeadInconDlg\head_tab_pressed.png'" pushedimage="file='ModHeadInconDlg\head_tab_pressed.png'"/>
        </HorizontalLayout>
        <HorizontalLayout height="330">
        	<HorizontalLayout width="330" rightbordersize="1" bordercolor="#FFDEDEDE">
        		<TabLayout name="tabs">
            	<VerticalLayout>
        				<VerticalLayout>
        					<HorizontalLayout height="35">
        						<Label text="请选择头像：" padding="10,5,0,0"></Label>
        					</HorizontalLayout>
        					<HorizontalLayout height="60">
        						<HorizontalLayout name="HLdefaulthead1" padding="10,4,0,0" width="52" height="52" >
        							<Button name="defaulthead1" width="52" height="52" normalimage="file='ModHeadInconDlg\52x52_border.png'" hotimage="file='ModHeadInconDlg\52x52_border_sel.png'"></Button>
        						</HorizontalLayout>
        						<HorizontalLayout width="52" height="52" name="HLdefaulthead2" padding="10,4,0,0">
        							<Button name="defaulthead2" width="52" height="52" normalimage="file='ModHeadInconDlg\52x52_border.png'" hotimage="file='ModHeadInconDlg\52x52_border_sel.png'"></Button>
        						</HorizontalLayout>
        						<HorizontalLayout width="52" height="52" name="HLdefaulthead3" padding="10,4,0,0">
        							<Button name="defaulthead3" width="52" height="52" normalimage="file='ModHeadInconDlg\52x52_border.png'" hotimage="file='ModHeadInconDlg\52x52_border_sel.png'"></Button>
        						</HorizontalLayout>
        						<HorizontalLayout width="52" height="52" name="HLdefaulthead4" padding="10,4,0,0">
        							<Button name="defaulthead4" width="52" height="52" normalimage="file='ModHeadInconDlg\52x52_border.png'" hotimage="file='ModHeadInconDlg\52x52_border_sel.png'"></Button>
        						</HorizontalLayout>
        						<HorizontalLayout width="52" height="52" name="HLdefaulthead5" padding="10,4,0,0">
        							<Button name="defaulthead5" width="52" height="52" normalimage="file='ModHeadInconDlg\52x52_border.png'" hotimage="file='ModHeadInconDlg\52x52_border_sel.png'"></Button>
        						</HorizontalLayout>
        					</HorizontalLayout>
        					<HorizontalLayout height="60">
        						<HorizontalLayout width="52" height="52" name="HLdefaulthead6" padding="10,4,0,0">
        							<Button name="defaulthead6" width="52" height="52" normalimage="file='ModHeadInconDlg\52x52_border.png'" hotimage="file='ModHeadInconDlg\52x52_border_sel.png'"></Button>
        						</HorizontalLayout>
        						<HorizontalLayout width="52" height="52" name="HLdefaulthead7" padding="10,4,0,0">
        							<Button name="defaulthead7" width="52" height="52" normalimage="file='ModHeadInconDlg\52x52_border.png'" hotimage="file='ModHeadInconDlg\52x52_border_sel.png'"></Button>
        						</HorizontalLayout>
        						<HorizontalLayout width="52" height="52" name="HLdefaulthead8" padding="10,4,0,0">
        							<Button name="defaulthead8" width="52" height="52" normalimage="file='ModHeadInconDlg\52x52_border.png'" hotimage="file='ModHeadInconDlg\52x52_border_sel.png'"></Button>
        						</HorizontalLayout>
        						<HorizontalLayout width="52" height="52" name="HLdefaulthead9" padding="10,4,0,0">
        							<Button name="defaulthead9" width="52" height="52" normalimage="file='ModHeadInconDlg\52x52_border.png'" hotimage="file='ModHeadInconDlg\52x52_border_sel.png'"></Button>
        						</HorizontalLayout>
        						<HorizontalLayout width="52" height="52" name="HLdefaulthead10" padding="10,4,0,0">
        							<Button name="defaulthead10" width="52" height="52" normalimage="file='ModHeadInconDlg\52x52_border.png'" hotimage="file='ModHeadInconDlg\52x52_border_sel.png'"></Button>
        						</HorizontalLayout>
        					</HorizontalLayout>
        					<HorizontalLayout height="60">
        						<HorizontalLayout width="52" height="52" name="HLdefaulthead11" padding="10,4,0,0">
        							<Button name="defaulthead11" width="52" height="52" normalimage="file='ModHeadInconDlg\52x52_border.png'" hotimage="file='ModHeadInconDlg\52x52_border_sel.png'"></Button>
        						</HorizontalLayout>
        						<HorizontalLayout width="52" height="52" name="HLdefaulthead12" padding="10,4,0,0">
        							<Button name="defaulthead12" width="52" height="52" normalimage="file='ModHeadInconDlg\52x52_border.png'" hotimage="file='ModHeadInconDlg\52x52_border_sel.png'"></Button>
        						</HorizontalLayout>
        						<HorizontalLayout width="52" height="52" name="HLdefaulthead13" padding="10,4,0,0">
        							<Button name="defaulthead13" width="52" height="52" normalimage="file='ModHeadInconDlg\52x52_border.png'" hotimage="file='ModHeadInconDlg\52x52_border_sel.png'"></Button>
        						</HorizontalLayout>
        						<HorizontalLayout width="52" height="52" name="HLdefaulthead14" padding="10,4,0,0">
        							<Button name="defaulthead14" width="52" height="52" normalimage="file='ModHeadInconDlg\52x52_border.png'" hotimage="file='ModHeadInconDlg\52x52_border_sel.png'"></Button>
        						</HorizontalLayout>
        						<HorizontalLayout width="52" height="52" name="HLdefaulthead15" padding="10,4,0,0">
        							<Button name="defaulthead15" width="52" height="52" normalimage="file='ModHeadInconDlg\52x52_border.png'" hotimage="file='ModHeadInconDlg\52x52_border_sel.png'"></Button>
        						</HorizontalLayout>
        					</HorizontalLayout>
        					<HorizontalLayout height="60">
        						<HorizontalLayout width="52" height="52" name="HLdefaulthead16" padding="10,4,0,0">
        							<Button name="defaulthead16" width="52" height="52" normalimage="file='ModHeadInconDlg\52x52_border.png'" hotimage="file='ModHeadInconDlg\52x52_border_sel.png'"></Button>
        						</HorizontalLayout>
        					</HorizontalLayout>
        				</VerticalLayout>
        			</VerticalLayout>
        			<VerticalLayout>
        				<VerticalLayout>
        					<HorizontalLayout height="35">
        						<Button name="btnUpload" width="90" height="24" text="本地上传" padding="10,10,0,0" normalimage="file='ModHeadInconDlg\senior_long_button_normal.png'" hotimage="file='ModHeadInconDlg\senior_long_button_hover.png'" pushedimage="file='ModHeadInconDlg\senior_long_button_pressed.png'"></Button>
        						<Label text="支持jpg、bmp、png等格式" padding="10,10,0,0"></Label>
        					</HorizontalLayout>
        					<HorizontalLayout>
        						<HorizontalLayout width="252" height="202" bordersize="1" bordercolor="FFDEDEDE" padding="30,30,0,0">
        							<Label padding="1,1,1,1" name="custompicture" width="250" height="200"></Label>
        						</HorizontalLayout>
        					</HorizontalLayout>
        				</VerticalLayout>
        			</VerticalLayout>
        		</TabLayout>
        	</HorizontalLayout>
        	<HorizontalLayout>
        		<VerticalLayout>
        			<HorizontalLayout height="35">
        				<Label text="预览" padding="10,10,0,0"></Label>
        			</HorizontalLayout>
        			<HorizontalLayout>
        					<ButtonGif name="PreviewHead" pos="10,10,0,0" float="true" height="80" width="80" align="center" NormalGifFile="loading.gif"/>
        			</HorizontalLayout>
        		</VerticalLayout>
        	</HorizontalLayout>
        </HorizontalLayout>
        <HorizontalLayout height="35" bkcolor="#FFEBEBEB">
        	<HorizontalLayout>
        	</HorizontalLayout>
        	<HorizontalLayout width="146">
        		<Button name="btnsave" text="确定" padding="0,5,0,0" width="63" height="24" normalimage="file='SysBtn\blue_button_normal.png'" hotimage="file='SysBtn\blue_button_hover.png'" pushedimage="file='SysBtn\blue_button_pressed.png'"></Button>
        		<Button name="btncancel" text="取消" padding="10,5,0,0" width="63" height="24" normalimage="file='SysBtn\button_normal.png'" hotimage="file='SysBtn\button_hover.png'" pushedimage="file='SysBtn\button_pressed.png'"></Button>
        	</HorizontalLayout>
        </HorizontalLayout>
    </VerticalLayout>
</Window>