<?xml version="1.0" encoding="UTF-8"?>
<Window size="400,220" mininfo="400,220" caption="0,0,0,26" bordercolor="#FF90636E" bordersize="1" roundcorner="4,4,4,4"> <!-- 窗口的初始尺寸(宽800，高600)、窗口的最小尺寸(宽600，高400)、标题栏拖拽区域(高32)、可拖拽边框大小(这里添加sizebox后就可以拖拽边框调整大小了) -->
    <Font name="微软雅黑" size="12" default="true" />
    <VerticalLayout bkcolor="#FFFFFFFF" bkcolor2="#FFFFFFFF"> <!-- 整个窗口的背景色 -->
        <!-- 标题栏区 -->
        <HorizontalLayout name="background" height="26" bkcolor="#FF4D95C2" bkcolor2="#FF4D95C2"> <!-- 标题栏背景色 bkcolor、bkcolor2、bkcolor3分别是渐变色的三个值-->         
            <VerticalLayout> <!-- 占空位，占据左边所有的空位-->
                <Label text="修改密码" textcolor="#FFFFFFFF" padding="10,2,0,0" align="left,vcenter" font="0"></Label>
            </VerticalLayout>      
            <VerticalLayout width="26"> <!-- 右边三个控件所占的宽度-->
                <Button name="closebtn" tooltip="关闭" width="26" height="26" normalimage=" file='SysBtn\window_close_normal.png' " hotimage=" file='SysBtn\window_close_hover.png' " pushedimage=" file='SysBtn\window_close_pressed.png' "/>
            </VerticalLayout>      
        </HorizontalLayout>        
        <!-- 客户区 -->
        <VerticalLayout bkcolor="#FFFFFFFF">
            <Label></Label>
            <HorizontalLayout height="32">
                <Label text = "*" textpadding="20,0,0,0" width="30" align="left,vcenter" textcolor="#FFFF0000"/>
                <Label text = "新密码:" width="80"  align="left,vcenter" textcolor="#FF2e2e2e"/>
                <HorizontalLayout height="30" width="203" bordercolor="#FFc8c8c8" bordersize="1">
                   <Edit name="EditNewPSW" align="left,vcenter" padding="1,1,1,1" width="200" textcolor="#FF2e2e2e" password="true" maxchar="18" passwordchar="*"/>
                </HorizontalLayout> 
                <Label></Label>
            </HorizontalLayout>  
            <Label name = "LabelInputTips" text="(6~18字符,可由字母、数字和符号组成)" textpadding="120,0,0,0" width="400" align="left,vcenter" textcolor="#FFC6C6C5"/>
            <HorizontalLayout height="32">
                <Label text = "*" textpadding="20,0,0,0" width="30" align="left,vcenter" textcolor="#FFFF0000"/>
                <Label text = "确认密码:" width="80"  align="left,vcenter" textcolor="#FF2e2e2e"/>
                <HorizontalLayout height="30" width="203" bordercolor="#FFc8c8c8" bordersize="1">
                   <Edit name="EditConfirmPSW" align="left,vcenter" padding="1,1,1,1" width="200" textcolor="#FF2e2e2e" password="true" maxchar="18" passwordchar="*"/>
                </HorizontalLayout> 
                <Label></Label>
            </HorizontalLayout>    
            <Label name = "LabelCheckError" text ="X两次密码不一致" textpadding="120,0,0,0" width="280" align="left,vcenter" textcolor="#FFFF0000"/>  
            <HorizontalLayout height="32" bkcolor="#FFFFFFFF">
                <Label width="120"/>
                <Button name="okbtn" width="63" height="24" normalimage=" file='SysBtn\blue_button_normal.png' " hotimage=" file='SysBtn\blue_button_hover.png' " pushedimage=" file='SysBtn\blue_button_pressed.png' " text="确定" textcolor="#FFFFFFFF" align="center,vcenter" font="0" padding="0,4,0,0"/>
                <Label width="20"/>
                <Button name="cancelbtn" width="63" height="24" normalimage=" file='SysBtn\button_normal.png' " hotimage=" file='SysBtn\button_hover.png' " pushedimage=" file='SysBtn\button_pressed.png' " text="取消" textcolor="#FF2e2e2e" align="center,vcenter" font="0" padding="0,4,0,0"/>
                <Label width="6"/>
            </HorizontalLayout>
        </VerticalLayout>
    </VerticalLayout>
</Window>