<?xml version="1.0" encoding="UTF-8"?>
<Window size="719,46" mininfo="719,46"> 
    <Font name="微软雅黑" size="12" bold="true" default="true" />
    <VerticalLayout>
    <HorizontalLayout bkcolor="#FFEBEBEB" height="45">
      <HorizontalLayout bkcolor="#FFEBEBEB" bkcolor2="#FFEBEBEB" width="280"> <!-- 整个窗口的背景色 -->
        <Option name="friendBtn" selected="true" group="mainTab" text="联系人" textcolor="#595959" hottextcolor="#80b6d7" pushedtextcolor="#3d7496" focusedtextcolor="#3d7496" selectedtextcolor="#3d7496" normalimage="file='SysBtn\friends_record_normal.png' dest='12,12,32,32'" hotimage="file='SysBtn\friends_record_hover.png' dest='12,12,32,32'" pushedimage="file='SysBtn\friends_record_pressed.png' dest='12,12,32,32'" focusedimage="file='SysBtn\friends_record_pressed.png' dest='12,12,32,32'" selectedimage="file='SysBtn\friends_record_pressed.png' dest='12,12,32,32'" width="100" height="45" textpadding="37,0,0,0" align="left,vcenter"/>
        <Option name="clusterBtn" group="mainTab" text="群" textcolor="#595959" hottextcolor="#80b6d7" pushedtextcolor="#3d7496" focusedtextcolor="#3d7496" selectedtextcolor="#3d7496" normalimage="file='SysBtn\group_record_normal.png' dest='12,12,32,32'" hotimage="file='SysBtn\group_record_hover.png' dest='12,12,32,32'" pushedimage="file='SysBtn\group_record_pressed.png' dest='12,12,32,32'" focusedimage="file='SysBtn\group_record_pressed.png' dest='12,12,32,32'" selectedimage="file='SysBtn\group_record_pressed.png' dest='12,12,32,32'" width="70" height="45" textpadding="37,0,0,0" align="left,vcenter"/>
        <Option name="sysMsgBtn" group="mainTab" text="系统消息" textcolor="#595959" hottextcolor="#80b6d7" pushedtextcolor="#3d7496" focusedtextcolor="#3d7496" selectedtextcolor="#3d7496" normalimage="file='SysBtn\system_message_normal.png' dest='12,12,32,32'" hotimage="file='SysBtn\system_message_hover.png' dest='12,12,32,32'" pushedimage="file='SysBtn\system_message_pressed.png' dest='12,12,32,32'" focusedimage="file='SysBtn\system_message_pressed.png' dest='12,12,32,32'" selectedimage="file='SysBtn\system_message_pressed.png' dest='12,12,32,32'" width="110" height="45" textpadding="37,0,0,0" align="left,vcenter"/>
      </HorizontalLayout>
      <HorizontalLayout>
      </HorizontalLayout>
      <HorizontalLayout width="190">
      	<Button name="btnRead" visible="false" padding="0,0,5,0" width="110" height="45" text="全部标记为已阅" textpadding="21,0,0,0" align="left,vcenter" textcolor="#595959" bkimage="file='OrderMsg\icon_all.png' source=&apos;0,0,18,18&apos; dest=&apos;0,13,18,31&apos;"></Button>
      	<Button name="btnSubscriber" visible="false" padding = "0,0,5,0" width="80" height="45" text="消息订阅" textpadding="21,0,0,0" align="left,vcenter" textcolor="#595959" bkimage="file='OrderMsg\icon_message.png' source=&apos;0,0,18,18&apos; dest=&apos;0,13,18,31&apos;"></Button>
      </HorizontalLayout>
    </HorizontalLayout>
     <HorizontalLayout bkcolor="#FFD7D7D7" height="1"></HorizontalLayout>
    </VerticalLayout>
</Window>