<?xml version="1.0" encoding="UTF-8"?>
<Window size="719,481" mininfo="719,481" caption="0,0,0,26" bordercolor="#FF90636E" bordersize="1" roundcorner="4,4,4,4" alpha="255" showshadow="true" shadowsize="5" shadowsharpness="10"> <!-- 窗口的初始尺寸(宽800，高600)、窗口的最小尺寸(宽600，高400)、标题栏拖拽区域(高32)、可拖拽边框大小(这里添加sizebox后就可以拖拽边框调整大小了) -->
    <Font name="微软雅黑" size="12" default="true" />
    <VerticalLayout name="background"> <!-- 整个窗口的背景色 -->
        <HorizontalLayout height="26">     
            <Label name="title" text="消息管理" textcolor="#FFFFFFFF" padding="10,2,0,0" align="left,vcenter"/> 
            <Button name="minbtn" tooltip="最小化" width="26" height="26" normalimage=" file='SysBtn\window_minimize_normal.png' " hotimage=" file='SysBtn\window_minimize_hover.png' " pushedimage=" file='SysBtn\window_minimize_pressed.png' "/>   
            <Button name="closebtn" tooltip="关闭" width="26" height="26" normalimage=" file='SysBtn\window_close_normal.png' " hotimage=" file='SysBtn\window_close_hover.png' " pushedimage=" file='SysBtn\window_close_pressed.png' "/>
        </HorizontalLayout>
        <OldMsgDlg name="oldmsgdlg"/>
    </VerticalLayout>
</Window>