﻿<?xml version="1.0" encoding="UTF-8"?>
<Window size="670,470" mininfo="670,470" caption="0,0,0,26" bkcolor="#FFEBEBEB" bordersize="1" roundcorner="4,4,4,4" showshadow="true" shadowsize="5" shadowsharpness="10">
    <Font name="微软雅黑" size="12" default="true" />
    <Font name="微软雅黑" size="13" />
    <Font name="微软雅黑" size="12" bold="true" />
    <Default name="VScrollBar" value="width=&quot;10&quot; button1normalimage=&quot;file='SysBtn\scrollbar.bmp' source='0,0,10,10'&quot; button1hotimage=&quot;file='SysBtn\scrollbar.bmp' source='11,0,21,10'&quot; button1pushedimage=&quot;file='SysBtn\scrollbar.bmp' source='22,0,32,10'&quot; button1disabledimage=&quot;file='SysBtn\scrollbar.bmp' source='0,0,10,10'&quot; button2normalimage=&quot;file='SysBtn\scrollbar.bmp' source='0,11,10,21'&quot; button2hotimage=&quot;file='SysBtn\scrollbar.bmp' source='11,11,21,21'&quot; button2pushedimage=&quot;file='SysBtn\scrollbar.bmp' source='22,11,32,21'&quot; button2disabledimage=&quot;file='SysBtn\scrollbar.bmp' source='0,11,10,21'&quot; bknormalimage=&quot;file='SysBtn\scrollbar.bmp' source='0,22,10,113' corner='4,4,4,4'&quot; bkhotimage=&quot;file='SysBtn\scrollbar.bmp' source='11,22,21,113' corner='4,4,4,4'&quot; bkpushedimage=&quot;file='SysBtn\scrollbar.bmp' source='22,22,32,113' corner='4,4,4,4'&quot; bkdisabledimage=&quot;file='SysBtn\scrollbar.bmp' source='0,22,10,113' corner='4,4,4,4'&quot; thumbnormalimage=&quot;file='SysBtn\scrollbar.bmp' source='33,0,43,35' corner='4,4,4,4'&quot; thumbhotimage=&quot;file='SysBtn\scrollbar.bmp' source='33,36,43,71' corner='4,4,4,4'&quot; thumbpushedimage=&quot;file='SysBtn\scrollbar.bmp' source='33,72,43,107' corner='4,4,4,4'&quot; thumbdisabledimage=&quot;file='SysBtn\scrollbar.bmp' source='33,0,43,35' corner='4,4,4,4'&quot;" />
    <VerticalLayout name="background"> <!-- 整个窗口的背景色 -->
        <!-- 标题栏区 -->
        <HorizontalLayout height="26"> <!-- 标题栏背景色 bkcolor、bkcolor2、bkcolor3分别是渐变色的三个值-->         
           <Label name="HeadName" text="消息通知" textcolor="#FFFFFFFF" padding="10,2,0,0" align="left,vcenter" font="0"></Label>
           <Button name="minbtn" tooltip="最小化" width="26" height="26" normalimage=" file='SysBtn\window_minimize_normal.png' " hotimage=" file='SysBtn\window_minimize_hover.png' " pushedimage=" file='SysBtn\window_minimize_pressed.png' "/>
           <Button name="closebtn" tooltip="关闭" width="26" height="26" normalimage=" file='SysBtn\window_close_normal.png' " hotimage=" file='SysBtn\window_close_hover.png' " pushedimage=" file='SysBtn\window_close_pressed.png' "/>    
        </HorizontalLayout>        
        <!-- 客户区 -->
        <HorizontalLayout bkcolor="#FFFFFFFF">
        	<VerticalLayout width="140" bkcolor="#FFEBEBEB">
        		<TreeView name="treeMsgType" padding="0,10,0,0" itemlinecolor="#FFEBEBEB" itembkcolor="#FFEBEBEB" itemhotbkcolor="#FFFFFFFF"  itemselectedbkcolor="#FFFFFFFF"  visiblefolderbtn="true" vscrollbar="true"></TreeView>
        		<HorizontalLayout height="40">
        			<Button text="更多消息" name="btnMoreMsg" padding="30,8,0,0" width="60" height="24" normalimage=" file=&apos;SysBtn\button_normal.png&apos; " hotimage=" file=&apos;SysBtn\button_hover.png&apos; " pushedimage=" file=&apos;SysBtn\button_pressed.png&apos; "></Button>
        		</HorizontalLayout>
        	</VerticalLayout>
        	<VerticalLayout>
        		<VerticalLayout name="VLMsg">
        			<HorizontalLayout height="30">
        				<Label name="labelTranName" padding="10,0,0,0" text="来自杨冉冉"></Label>
        				<HorizontalLayout></HorizontalLayout>
        				<Label name="labelMsgTime" width="130" text="2015-08-12 08:45:12"></Label>
        			</HorizontalLayout>
        			<HorizontalLayout height="30">
        				<Label name="labelMsgTitle" padding="10,0,10,0" bordersize="1" bordercolor="#FFDCDCDC" textpadding="5,0,0,0" text="买家 熊宝宝 购买了2个商品，等待买家付款"></Label>
        			</HorizontalLayout>
        			<HorizontalLayout height="80">
        				<Label padding="10,5,0,0" width="70" height="70" bordersize="1" bordercolor="#FFDCDCDC"></Label>
        				<VerticalLayout>
        					<Label padding="10,2,0,0" text="可否可乐大瓶装原味2L瓶"></Label>
        					<Label padding="10,2,0,0" text="商品数量：3"></Label>
        					<Label padding="10,2,0,0" text="商品金额：0.30元"></Label>
        				</VerticalLayout>
        			</HorizontalLayout>
        			<VerticalLayout height="3">
        				<HorizontalLayout></HorizontalLayout>
        				<HorizontalLayout padding="10,0,10,0" height="1" bkcolor="#FFDCDCDC"></HorizontalLayout>
        				<HorizontalLayout></HorizontalLayout>
        			</VerticalLayout>
        			<HorizontalLayout height="80">
        				<Label padding="10,5,0,0" width="70" height="70" bordersize="1" bordercolor="#FFDCDCDC"></Label>
        				<VerticalLayout>
        					<Label padding="10,2,0,0" text="可否可乐大瓶装原味2L瓶"></Label>
        					<Label padding="10,2,0,0" text="商品数量：3"></Label>
        					<Label padding="10,2,0,0" text="商品金额：0.30元"></Label>
        				</VerticalLayout>
        			</HorizontalLayout>
        		</VerticalLayout>
        	</VerticalLayout>
        </HorizontalLayout>
    </VerticalLayout>
</Window>