<?xml version="1.0" encoding="utf-8" standalone="yes" ?>
<Window size="382,247" mininfo="382,247">
    <Font name="微软雅黑" size="12" bold="false" italic="false" default="true" />
    <Font name="微软雅黑" size="12" bold="true" italic="false" />
    <Default name="VScrollBar" value="width=&quot;10&quot; button1normalimage=&quot;file=&apos;SysBtn\scrollbar.bmp&apos; source=&apos;0,0,10,10&apos;&quot; button1hotimage=&quot;file=&apos;SysBtn\scrollbar.bmp&apos; source=&apos;11,0,21,10&apos;&quot; button1pushedimage=&quot;file=&apos;SysBtn\scrollbar.bmp&apos; source=&apos;22,0,32,10&apos;&quot; button1disabledimage=&quot;file=&apos;SysBtn\scrollbar.bmp&apos; source=&apos;0,0,10,10&apos;&quot; button2normalimage=&quot;file=&apos;SysBtn\scrollbar.bmp&apos; source=&apos;0,11,10,21&apos;&quot; button2hotimage=&quot;file=&apos;SysBtn\scrollbar.bmp&apos; source=&apos;11,11,21,21&apos;&quot; button2pushedimage=&quot;file=&apos;SysBtn\scrollbar.bmp&apos; source=&apos;22,11,32,21&apos;&quot; button2disabledimage=&quot;file=&apos;SysBtn\scrollbar.bmp&apos; source=&apos;0,11,10,21&apos;&quot; bknormalimage=&quot;file=&apos;SysBtn\scrollbar.bmp&apos; source=&apos;0,22,10,113&apos; corner=&apos;4,4,4,4&apos;&quot; bkhotimage=&quot;file=&apos;SysBtn\scrollbar.bmp&apos; source=&apos;11,22,21,113&apos; corner=&apos;4,4,4,4&apos;&quot; bkpushedimage=&quot;file=&apos;SysBtn\scrollbar.bmp&apos; source=&apos;22,22,32,113&apos; corner=&apos;4,4,4,4&apos;&quot; bkdisabledimage=&quot;file=&apos;SysBtn\scrollbar.bmp&apos; source=&apos;0,22,10,113&apos; corner=&apos;4,4,4,4&apos;&quot; thumbnormalimage=&quot;file=&apos;SysBtn\scrollbar.bmp&apos; source=&apos;26,0,43,35&apos; corner=&apos;4,4,4,4&apos;&quot; thumbhotimage=&quot;file=&apos;SysBtn\scrollbar.bmp&apos; source=&apos;26,36,43,71&apos; corner=&apos;4,4,4,4&apos;&quot; thumbpushedimage=&quot;file=&apos;SysBtn\scrollbar.bmp&apos; source=&apos;26,72,43,107&apos; corner=&apos;4,4,4,4&apos;&quot; thumbdisabledimage=&quot;file=&apos;SysBtn\scrollbar.bmp&apos; source=&apos;26,0,43,35&apos; corner=&apos;4,4,4,4&apos;&quot;" />
    <VerticalLayout height="26" bkcolor="#FFFFFFFF" bkcolor2="#FFFFFFFF">
        <Label text="消息设置:" width="150" height="26" textpadding="20,0,0,0" textcolor="#FF2E2E2E" disabledtextcolor="#FFA7A6AA" font="1" />
        <Option name="BanShake" text="允许接收窗口抖动" width="140" height="26" padding="45,0,0,0" textpadding="20,0,0,0" textcolor="#FF2E2E2E" disabledtextcolor="#FFA7A6AA" font="0" align="left,vcenter" endellipsis="true" normalimage="file=&apos;SysBtn\check_box_normal.png&apos; source=&apos;0,0,16,16&apos; dest=&apos;0,4,16,20&apos;" hotimage="file=&apos;SysBtn\check_box_hover.png&apos; source=&apos;0,0,16,16&apos; dest=&apos;0,4,16,20&apos;" pushedtextcolor="#0050A8DE" hottextcolor="#0050A8DE" selectedimage="file=&apos;SysBtn\check_box_pressed.png&apos; source=&apos;0,0,16,16&apos; dest=&apos;0,4,16,20&apos;" />
        <Label text="发送及时消息:" width="104" height="26" textpadding="20,0,0,0" textcolor="#FF2E2E2E" disabledtextcolor="#FFA7A6AA" font="1" />
        <HorizontalLayout height="26">
            <Option name="EnterKey" text="按ENTER键发送" width="130" height="26" padding="45,0,0,0" textpadding="20,0,0,0" textcolor="#FF2E2E2E" disabledtextcolor="#FFA7A6AA" font="0" align="left,vcenter" endellipsis="true" normalimage="file=&apos;SysBtn\radiobox_normal.png&apos; source=&apos;0,0,16,16&apos; dest=&apos;0,4,16,20&apos;" hotimage="file=&apos;SysBtn\radiobox_hover.png&apos; source=&apos;0,0,16,16&apos; dest=&apos;0,4,16,20&apos;" pushedtextcolor="#0050A8DE" hottextcolor="#0050A8DE" group="SearchFriendTypeSel" selected="true" selectedimage="file=&apos;SysBtn\radiobox_pressed.png&apos; source=&apos;0,0,16,16&apos; dest=&apos;0,4,16,20&apos;" />
            <Option name="CtrlEnterKey" text="按CTRL+ENTER键发送" width="150" height="26" padding="10,0,0,0" textpadding="20,0,0,0" textcolor="#FF2E2E2E" disabledtextcolor="#FFA7A6AA" font="0" align="left,vcenter" endellipsis="true" normalimage="file=&apos;SysBtn\radiobox_normal.png&apos; source=&apos;0,0,16,16&apos; dest=&apos;0,4,16,20&apos;" hotimage="file=&apos;SysBtn\radiobox_hover.png&apos; source=&apos;0,0,16,16&apos; dest=&apos;0,4,16,20&apos;" pushedtextcolor="#0050A8DE" hottextcolor="#0050A8DE" group="SearchFriendTypeSel" selectedimage="file=&apos;SysBtn\radiobox_pressed.png&apos; source=&apos;0,0,16,16&apos; dest=&apos;0,4,16,20&apos;" />
        </HorizontalLayout>
        <Label text="快捷键:" width="72" height="26" textpadding="20,0,0,0" textcolor="#FF2E2E2E" disabledtextcolor="#FFA7A6AA" font="1" />
        <HorizontalLayout height="26">
            <Option name="ViewMsg" text="打开消息管理器" width="120" height="26" padding="45,0,0,0" textpadding="20,0,0,0" textcolor="#FF2E2E2E" disabledtextcolor="#FFA7A6AA" font="0" align="left,vcenter" endellipsis="true" normalimage="file=&apos;SysBtn\check_box_normal.png&apos; source=&apos;0,0,16,16&apos; dest=&apos;0,4,16,20&apos;" hotimage="file=&apos;SysBtn\check_box_hover.png&apos; source=&apos;0,0,16,16&apos; dest=&apos;0,4,16,20&apos;" pushedtextcolor="#0050A8DE" hottextcolor="#0050A8DE" selectedimage="file=&apos;SysBtn\check_box_pressed.png&apos; source=&apos;0,0,16,16&apos; dest=&apos;0,4,16,20&apos;"/>
            <HorizontalLayout name="MsgViewHotKey" width="150" height="26" padding="10,0,0,0" bkcolor="#FFA0A0A0">
                <MsgViewWnd height="24" padding="1,1,1,1" />
            </HorizontalLayout>
        </HorizontalLayout>
        <HorizontalLayout height="26" padding="0,2,0,0">
            <Option name="SnapShot" text="屏幕截图" width="70" height="26" padding="45,0,0,0" textpadding="20,0,0,0" textcolor="#FF2E2E2E" disabledtextcolor="#FFA7A6AA" font="0" align="center" endellipsis="true" normalimage="file=&apos;SysBtn\check_box_normal.png&apos; source=&apos;0,0,16,16&apos; dest=&apos;0,4,16,20&apos;" hotimage="file=&apos;SysBtn\check_box_hover.png&apos; source=&apos;0,0,16,16&apos; dest=&apos;0,4,16,20&apos;" pushedtextcolor="#0050A8DE" hottextcolor="#0050A8DE" selectedimage="file=&apos;SysBtn\check_box_pressed.png&apos; source=&apos;0,0,16,16&apos; dest=&apos;0,4,16,20&apos;" />
            <HorizontalLayout name="SnapShotHotKey" width="150" height="26" padding="60,0,0,0" bkcolor="#FFA0A0A0">
                <SnapShotWnd height="24" padding="1,1,1,1" />
            </HorizontalLayout>
        </HorizontalLayout>
    </VerticalLayout>
</Window>
