<?xml version="1.0" encoding="utf-8" standalone="yes" ?>
<Window size="605,425" caption="0,0,0,26" mininfo="605,425" roundcorner="4,4" showshadow="true" shadowimage="menu\shadow.png" shadowcorner="30,30,30,30">
    <Font name="微软雅黑" size="12" bold="false" italic="false" />
    <Font name="微软雅黑" size="12" bold="true" italic="false" default="true" />
    <Default name="VScrollBar" value="width=&quot;10&quot; button1normalimage=&quot;file=&apos;SysBtn\scrollbar.bmp&apos; source=&apos;0,0,10,10&apos;&quot; button1hotimage=&quot;file=&apos;SysBtn\scrollbar.bmp&apos; source=&apos;11,0,21,10&apos;&quot; button1pushedimage=&quot;file=&apos;SysBtn\scrollbar.bmp&apos; source=&apos;22,0,32,10&apos;&quot; button1disabledimage=&quot;file=&apos;SysBtn\scrollbar.bmp&apos; source=&apos;0,0,10,10&apos;&quot; button2normalimage=&quot;file=&apos;SysBtn\scrollbar.bmp&apos; source=&apos;0,11,10,21&apos;&quot; button2hotimage=&quot;file=&apos;SysBtn\scrollbar.bmp&apos; source=&apos;11,11,21,21&apos;&quot; button2pushedimage=&quot;file=&apos;SysBtn\scrollbar.bmp&apos; source=&apos;22,11,32,21&apos;&quot; button2disabledimage=&quot;file=&apos;SysBtn\scrollbar.bmp&apos; source=&apos;0,11,10,21&apos;&quot; bknormalimage=&quot;file=&apos;SysBtn\scrollbar.bmp&apos; source=&apos;0,22,10,113&apos; corner=&apos;4,4,4,4&apos;&quot; bkhotimage=&quot;file=&apos;SysBtn\scrollbar.bmp&apos; source=&apos;11,22,21,113&apos; corner=&apos;4,4,4,4&apos;&quot; bkpushedimage=&quot;file=&apos;SysBtn\scrollbar.bmp&apos; source=&apos;22,22,32,113&apos; corner=&apos;4,4,4,4&apos;&quot; bkdisabledimage=&quot;file=&apos;SysBtn\scrollbar.bmp&apos; source=&apos;0,22,10,113&apos; corner=&apos;4,4,4,4&apos;&quot; thumbnormalimage=&quot;file=&apos;SysBtn\scrollbar.bmp&apos; source=&apos;33,0,43,35&apos; corner=&apos;4,4,4,4&apos;&quot; thumbhotimage=&quot;file=&apos;SysBtn\scrollbar.bmp&apos; source=&apos;33,36,43,71&apos; corner=&apos;4,4,4,4&apos;&quot; thumbpushedimage=&quot;file=&apos;SysBtn\scrollbar.bmp&apos; source=&apos;33,72,43,107&apos; corner=&apos;4,4,4,4&apos;&quot; thumbdisabledimage=&quot;file=&apos;SysBtn\scrollbar.bmp&apos; source=&apos;33,0,43,35&apos; corner=&apos;4,4,4,4&apos;&quot;" />
    <VerticalLayout name="background">
        <HorizontalLayout height="26">
                <Label text="最近联系客户" padding="10,2,0,0" textcolor="#FFFFFFFF" disabledtextcolor="#FFA7A6AA" font="0" />
                <Button name="btnmin" tooltip="最小化" width="26" height="26" normalimage=" file='SysBtn\window_minimize_normal.png' " hotimage=" file='SysBtn\window_minimize_hover.png' " pushedimage=" file='SysBtn\window_minimize_pressed.png' "/>
                <Button name="btnclose" tooltip="关闭" width="26" height="26" normalimage=" file='SysBtn\window_close_normal.png' " hotimage=" file='SysBtn\window_close_hover.png' " pushedimage=" file='SysBtn\window_close_pressed.png' "/>
        </HorizontalLayout>
        <HorizontalLayout height="32" bkcolor="#FFFFFFFF">
                <Label text="最后联系时间:" padding="10,2,0,0" textcolor="#FF2E2E2E" disabledtextcolor="#FFA7A6AA" font="0" />
        </HorizontalLayout>   
        <HorizontalLayout height="32" bkcolor="#FFFFFFFF">   
        	  <HorizontalLayout width="150" height="26" padding="10,0,0,0" bkcolor="#FFA0A0A0">
   		          <DateTime name="DateTimeBegin" padding="1,1,1,1" height="24"/> 
   		      </HorizontalLayout>  
            <Label text="到" padding="10,4,0,0" align="left,center" textcolor="#FF2E2E2E" width = "20" height = "26" disabledtextcolor="#FFA7A6AA" font="0" />
            <HorizontalLayout width="150" height="26" padding="10,0,0,0"  bkcolor="#FFA0A0A0">
   		          <DateTime name="DateTimeEnd" padding="1,1,1,1" height="24"/> 
   		      </HorizontalLayout> 
            <Button name="btnSearch" text="搜索" width="50" height="24" padding="10,2,0,0" textcolor="#FFEBEBEB" disabledtextcolor="#FFA7A6AA" font="0" align="center" normalimage=" file=&apos;SysBtn\blue_button_normal.png&apos; " hotimage=" file=&apos;SysBtn\blue_button_hover.png&apos; " pushedimage=" file=&apos;SysBtn\blue_button_pressed.png&apos; "/>
        </HorizontalLayout>   
        <VerticalLayout bkcolor="#FFFFFFFF">
            <HorizontalLayout height="30" padding="10,2,10,0" bkcolor="#FFD9E4EA">
                <Label name ="userAccount" text="账号" textpadding="10,0,0,0" textcolor="#FF2E2E2E" disabledtextcolor="#FFA7A6AA" font="0" align="left,vcenter" />
                <Button name = "dealTime" text="| 最后联系时间" textcolor="#FF2E2E2E" disabledtextcolor="#FFA7A6AA" font="0" align="left,vcenter" />
                <Label text="| 最近交易订单" textcolor="#FF2E2E2E" disabledtextcolor="#FFA7A6AA" font="0" align="left,vcenter" />
                <Label text="| 备注" textcolor="#FF2E2E2E" disabledtextcolor="#FFA7A6AA" font="0" align="left,vcenter" />
            </HorizontalLayout>
            <ResultListPeopleUI name="result" header="hidden" vscrollbar="false" bkcolor="#FFFFFFFF" itembkcolor="#FFECECEC" itemselectedbkcolor="#FFCEDBDF" itemhotbkcolor="#FFEDFAFE" itemaltbk="true" padding="10,0,10,0">
            </ResultListPeopleUI>
            <HorizontalLayout height="30" padding="10,0,10,0" bkcolor="#FFECECEC">
                <Label textcolor="#FF2E2E2E" disabledtextcolor="#FFA7A6AA" />
                <Button name="firstbtn" tooltip="第一页" width="22" height="22" padding="0,5,0,0" textcolor="#FF2E2E2E" disabledtextcolor="#FFA7A6AA" align="center" normalimage=" file=&apos;SysBtn\forwardest_normal.png&apos; " hotimage=" file=&apos;SysBtn\forwardest_hover.png&apos; " pushedimage=" file=&apos;SysBtn\forwardest_pressed.png&apos; " disabledimage="file=&apos;SysBtn\forwardest_disable.png&apos;" />
                <Label width="6" textcolor="#FF2E2E2E" disabledtextcolor="#FFA7A6AA" />
                <Button name="prevbtn" tooltip="上一页" width="22" height="22" padding="0,5,0,0" textcolor="#FF2E2E2E" disabledtextcolor="#FFA7A6AA" align="center" normalimage=" file=&apos;SysBtn\forward_normal.png&apos; " hotimage=" file=&apos;SysBtn\forward_hover.png&apos; " pushedimage=" file=&apos;SysBtn\forward_pressed.png&apos; " disabledimage="file=&apos;SysBtn\forward_disable.png&apos;" />
                <Label text="当前第" width="55" textcolor="#FF2E2E2E" disabledtextcolor="#FFA7A6AA" font="0" align="center" />
                <HorizontalLayout width="20" height="22" padding="0,5,0,5" bkcolor="#FFA0A0A0">
                   <Edit name="pageNoEdit" height="20" padding="1,1,1,1" textcolor="#FF2E2E2E" disabledtextcolor="#FFA7A6AA" font="0" align="center" />
                </HorizontalLayout>
                <Label name="LabelPageNo" text="/0页" width="40" textcolor="#FF2E2E2E" disabledtextcolor="#FFA7A6AA" font="0" align="center" />
                <Button name="nextbtn" tooltip="下一页" width="22" height="22" padding="0,5,0,0" textcolor="#FF2E2E2E" disabledtextcolor="#FFA7A6AA" align="center" normalimage=" file=&apos;SysBtn\backward_normal.png&apos; " hotimage=" file=&apos;SysBtn\backward_hover.png&apos; " pushedimage=" file=&apos;SysBtn\backward_pressed.png&apos; " disabledimage="file=&apos;SysBtn\backward_disable.png&apos;" />
                <Label width="6" textcolor="#FF2E2E2E" disabledtextcolor="#FFA7A6AA" />
                <Button name="lastbtn" tooltip="最后一页" width="22" height="22" padding="0,5,0,0" textcolor="#FF2E2E2E" disabledtextcolor="#FFA7A6AA" align="center" normalimage=" file=&apos;SysBtn\backwardest_normal.png&apos; " hotimage=" file=&apos;SysBtn\backwardest_hover.png&apos; " pushedimage=" file=&apos;SysBtn\backwardest_pressed.png&apos; " disabledimage="file=&apos;SysBtn\backwardest_disable.png&apos;" />
                <Label width="6" textcolor="#FF2E2E2E" disabledtextcolor="#FFA7A6AA" />
            </HorizontalLayout>
            <Label height="6" textcolor="#FF2E2E2E" disabledtextcolor="#FFA7A6AA" />
        </VerticalLayout>
        <HorizontalLayout height="35" bkcolor="#FFEBEBEB">
            <Label text="提供最近1000个联系人的查找" padding="10,0,10,0" textcolor="##FF2E2E2E" disabledtextcolor="#FFA7A6AA" font = "0" />
            <Button name="btnStartComm" text="发起聊天" width="80" height="24" padding="0,4,0,0" textcolor="#FFEBEBEB" disabledtextcolor="#FFA7A6AA" font="0" align="center" normalimage=" file=&apos;SysBtn\blue_button_normal.png&apos; " hotimage=" file=&apos;SysBtn\blue_button_hover.png&apos; " pushedimage=" file=&apos;SysBtn\blue_button_pressed.png&apos; " padding="0,4,0,0"/>
            <Label width="6"/>
            <Button name="btnViewRecord" text="查看聊天记录" width="100" height="24" normalimage=" file='SysBtn\button_normal.png' " hotimage=" file='SysBtn\button_hover.png' " pushedimage=" file='SysBtn\button_pressed.png' " textcolor="#FF2E2E2E" align="center,vcenter" font="0" padding="0,4,0,0" textcolor="#FF2E2E2E" disabledtextcolor="#FFA7A6AA" font="0" align="center" padding="0,4,0,0"/>
            <Label width="6"/>
        </HorizontalLayout>
    </VerticalLayout>
</Window>