<?xml version="1.0" encoding="UTF-8"?>
<Window height="32"  roundcorner="2,2"> 
    <ListContainerElement height="30">
        <HorizontalLayout height="30">
            <Button name="userAccount" textcolor="#FF2E2E2E" align="left,vcenter" font="0" endellipsis="true" textpadding="10,0,5,0"/>
            <Label name="lastTime" align="left,vcenter" textcolor="#FF2e2e2e" font="0" endellipsis="true" textpadding="8,0,5,0"/>
            <Label name="dealInfo"  textcolor="#FF0000FF" align="left,vcenter" font="0" endellipsis="true" textpadding="8,0,5,0"/>
            <Label name="backInfo"  textcolor="#FF2e2e2e" align="left,vcenter" font="0" endellipsis="true" textpadding="8,0,5,0"/>
        </HorizontalLayout>
    </ListContainerElement>
</Window>