<?xml version="1.0" encoding="UTF-8"?>
<Window height="140"  roundcorner="2,2"> 
		<Font name="微软雅黑" size="12" default="true"/>
    <TreeNode height="140" folderattr="width=&quot;0&quot; float=&quot;true&quot;" checkboxattr="width=&quot;0&quot; float=&quot;true&quot;" itemattr="width=&quot;0&quot; float=&quot;true&quot;" dotlineattr="width=&quot;0&quot; float=&quot;true&quot;">
        <VerticalLayout name="itemOrder" height="130" padding="5,5,5,0" bordersize="1" bordercolor="#FFDCDCDC">
        	<Label name="labelTitle" padding="5,10,0,0"></Label>
        	<Label name="labelType" padding="5,10,0,0"></Label>
        	<Label name="labelAbstract" padding="5,10,0,0"></Label>
        	<Label name="labelId" padding="5,10,0,0"></Label>
        </VerticalLayout>
    </TreeNode>
</Window>