﻿<?xml version="1.0" encoding="UTF-8"?>
<Window size="500,350" mininfo="500,350" caption="0,0,0,26" bkcolor="#FFEBEBEB" bordersize="1" roundcorner="4,4,4,4" showshadow="true" shadowsize="5" shadowsharpness="10">
    <Font name="微软雅黑" size="12" default="true" />
    <Font name="微软雅黑" size="13" />
    <Font name="微软雅黑" size="12" bold="true" />
    <Default name="VScrollBar" value="width=&quot;10&quot; button1normalimage=&quot;file='SysBtn\scrollbar.bmp' source='0,0,10,10'&quot; button1hotimage=&quot;file='SysBtn\scrollbar.bmp' source='11,0,21,10'&quot; button1pushedimage=&quot;file='SysBtn\scrollbar.bmp' source='22,0,32,10'&quot; button1disabledimage=&quot;file='SysBtn\scrollbar.bmp' source='0,0,10,10'&quot; button2normalimage=&quot;file='SysBtn\scrollbar.bmp' source='0,11,10,21'&quot; button2hotimage=&quot;file='SysBtn\scrollbar.bmp' source='11,11,21,21'&quot; button2pushedimage=&quot;file='SysBtn\scrollbar.bmp' source='22,11,32,21'&quot; button2disabledimage=&quot;file='SysBtn\scrollbar.bmp' source='0,11,10,21'&quot; bknormalimage=&quot;file='SysBtn\scrollbar.bmp' source='0,22,10,113' corner='4,4,4,4'&quot; bkhotimage=&quot;file='SysBtn\scrollbar.bmp' source='11,22,21,113' corner='4,4,4,4'&quot; bkpushedimage=&quot;file='SysBtn\scrollbar.bmp' source='22,22,32,113' corner='4,4,4,4'&quot; bkdisabledimage=&quot;file='SysBtn\scrollbar.bmp' source='0,22,10,113' corner='4,4,4,4'&quot; thumbnormalimage=&quot;file='SysBtn\scrollbar.bmp' source='33,0,43,35' corner='4,4,4,4'&quot; thumbhotimage=&quot;file='SysBtn\scrollbar.bmp' source='33,36,43,71' corner='4,4,4,4'&quot; thumbpushedimage=&quot;file='SysBtn\scrollbar.bmp' source='33,72,43,107' corner='4,4,4,4'&quot; thumbdisabledimage=&quot;file='SysBtn\scrollbar.bmp' source='33,0,43,35' corner='4,4,4,4'&quot;" />
    <VerticalLayout name="background"> <!-- 整个窗口的背景色 -->
        <!-- 标题栏区 -->
        <HorizontalLayout height="26"> <!-- 标题栏背景色 bkcolor、bkcolor2、bkcolor3分别是渐变色的三个值-->         
           <Label name="HeadName" text="消息管理器 - 订阅设置" textcolor="#FFFFFFFF" padding="10,2,0,0" align="left,vcenter" font="0"></Label>
           <Button name="minbtn" tooltip="最小化" width="26" height="26" normalimage=" file='SysBtn\window_minimize_normal.png' " hotimage=" file='SysBtn\window_minimize_hover.png' " pushedimage=" file='SysBtn\window_minimize_pressed.png' "/>
           <Button name="closebtn" tooltip="关闭" width="26" height="26" normalimage=" file='SysBtn\window_close_normal.png' " hotimage=" file='SysBtn\window_close_hover.png' " pushedimage=" file='SysBtn\window_close_pressed.png' "/>
        </HorizontalLayout>        
        <!-- 客户区 -->
        <VerticalLayout bkcolor="#FFFFFFFF">
        	<HorizontalLayout>
        		<VerticalLayout width="100">
        			<Label padding="20,25,0,0" width="70" height="70" bkimage="file='OrderMsg\icon_trading.png'"></Label>
        			<Label padding="20,5,0,0" width="70" text="交易消息" align="center,vcenter" textcolor="#FF2E2E2E"></Label>
        		</VerticalLayout>
        		<VerticalLayout>
        			<HorizontalLayout padding="0,25,0,0" height="75">
        				<Option name= "orderNew" text="新订单" selected="true" width="60" height="26" padding="20,0,0,0" align="left,vcenter" endellipsis="true" textpadding="20,0,0,0" textcolor="#FF2E2E2E" disabledtextcolor="#FFA7A6AA" font="0" normalimage="file='SysBtn\check_box_normal.png' source='0,0,16,16' dest='0,4,16,20'" selectedimage="file='SysBtn\check_box_pressed.png' source='0,0,16,16' dest='0,4,16,20'" hotimage="file='SysBtn\check_box_hover.png' source='0,0,16,16' dest='0,4,16,20'" selectedhotimage="file='SysBtn\checked_box_hover.png' source='0,0,16,16' dest='0,4,16,20'"  hottextcolor="#50A8DE" pushedtextcolor="#50A8DE"/>
        				<Option name= "orderPay" text="买家已付款" selected="true" width="80" height="26" padding="20,0,0,0" align="left,vcenter" endellipsis="true" textpadding="20,0,0,0" textcolor="#FF2E2E2E" disabledtextcolor="#FFA7A6AA" font="0" normalimage="file='SysBtn\check_box_normal.png' source='0,0,16,16' dest='0,4,16,20'" selectedimage="file='SysBtn\check_box_pressed.png' source='0,0,16,16' dest='0,4,16,20'" hotimage="file='SysBtn\check_box_hover.png' source='0,0,16,16' dest='0,4,16,20'" selectedhotimage="file='SysBtn\checked_box_hover.png' source='0,0,16,16' dest='0,4,16,20'"  hottextcolor="#50A8DE" pushedtextcolor="#50A8DE"/>
        				<Option name= "orderEvaluate" text="买家已评价" selected="true" width="80" height="26" padding="20,0,0,0" align="left,vcenter" endellipsis="true" textpadding="20,0,0,0" textcolor="#FF2E2E2E" disabledtextcolor="#FFA7A6AA" font="0" normalimage="file='SysBtn\check_box_normal.png' source='0,0,16,16' dest='0,4,16,20'" selectedimage="file='SysBtn\check_box_pressed.png' source='0,0,16,16' dest='0,4,16,20'" hotimage="file='SysBtn\check_box_hover.png' source='0,0,16,16' dest='0,4,16,20'" selectedhotimage="file='SysBtn\checked_box_hover.png' source='0,0,16,16' dest='0,4,16,20'"  hottextcolor="#50A8DE" pushedtextcolor="#50A8DE"/>
        			</HorizontalLayout>
        			<HorizontalLayout>
        				<Label padding="110,0,0,0" width="55" height="26" textcolor="#FF2E2E2E" text="提醒方式:"></Label>
 								<Option name="optPopupTrading" text="弹框提醒" width="70" height="26" padding="5,0,0,0" textpadding="20,0,0,0" textcolor="#FF2E2E2E" disabledtextcolor="#FFA7A6AA" font="0" align="left,vcenter" endellipsis="true" normalimage="file=&apos;SysBtn\radiobox_normal.png&apos; source=&apos;0,0,16,16&apos; dest=&apos;0,4,16,20&apos;" hotimage="file=&apos;SysBtn\radiobox_hover.png&apos; source=&apos;0,0,16,16&apos; dest=&apos;0,4,16,20&apos;" pushedtextcolor="#0050A8DE" hottextcolor="#0050A8DE" group="optPopupTrading" selected="true" selectedimage="file=&apos;SysBtn\radiobox_pressed.png&apos; source=&apos;0,0,16,16&apos; dest=&apos;0,4,16,20&apos;" />
            		<Option name="optUnPopupTrading" text="只收消息不弹框" width="120" height="26" padding="10,0,0,0" textpadding="20,0,0,0" textcolor="#FF2E2E2E" disabledtextcolor="#FFA7A6AA" font="0" align="left,vcenter" endellipsis="true" normalimage="file=&apos;SysBtn\radiobox_normal.png&apos; source=&apos;0,0,16,16&apos; dest=&apos;0,4,16,20&apos;" hotimage="file=&apos;SysBtn\radiobox_hover.png&apos; source=&apos;0,0,16,16&apos; dest=&apos;0,4,16,20&apos;" pushedtextcolor="#0050A8DE" hottextcolor="#0050A8DE" group="optPopupTrading" selectedimage="file=&apos;SysBtn\radiobox_pressed.png&apos; source=&apos;0,0,16,16&apos; dest=&apos;0,4,16,20&apos;" />
        			</HorizontalLayout>
        		</VerticalLayout>
        	</HorizontalLayout>
        	<HorizontalLayout height="1">
        		<Label width="10"></Label>
        		<Label bkcolor="#FFC2C2C2"></Label>
        		<Label width="10"></Label>
        	</HorizontalLayout>
        	<HorizontalLayout>
        		<VerticalLayout width="100">
        			<Label padding="20,25,0,0" width="70" height="70" bkimage="file='OrderMsg\icon_refund.png'"></Label>
        			<Label padding="20,5,0,0" width="70" text="退货消息" align="center,vcenter" textcolor="#FF2E2E2E"></Label>
        		</VerticalLayout>
        		<VerticalLayout>
        			<HorizontalLayout padding="0,25,0,0" height="75">
        				<Option name= "orderReturn" text="申请退款订单" selected="true" width="120" height="26" padding="20,0,0,0" align="left,vcenter" endellipsis="true" textpadding="20,0,0,0" textcolor="#FF2E2E2E" disabledtextcolor="#FFA7A6AA" font="0" normalimage="file='SysBtn\check_box_normal.png' source='0,0,16,16' dest='0,4,16,20'" selectedimage="file='SysBtn\check_box_pressed.png' source='0,0,16,16' dest='0,4,16,20'" hotimage="file='SysBtn\check_box_hover.png' source='0,0,16,16' dest='0,4,16,20'" selectedhotimage="file='SysBtn\checked_box_hover.png' source='0,0,16,16' dest='0,4,16,20'"  hottextcolor="#50A8DE" pushedtextcolor="#50A8DE"/>
        			</HorizontalLayout>
        			<HorizontalLayout>
        				<Label padding="110,0,0,0" width="55" height="26" textcolor="#FF2E2E2E" text="提醒方式:"></Label>
 								<Option name="optPopupReturn" text="弹框提醒" width="70" height="26" padding="5,0,0,0" textpadding="20,0,0,0" textcolor="#FF2E2E2E" disabledtextcolor="#FFA7A6AA" font="0" align="left,vcenter" endellipsis="true" normalimage="file=&apos;SysBtn\radiobox_normal.png&apos; source=&apos;0,0,16,16&apos; dest=&apos;0,4,16,20&apos;" hotimage="file=&apos;SysBtn\radiobox_hover.png&apos; source=&apos;0,0,16,16&apos; dest=&apos;0,4,16,20&apos;" pushedtextcolor="#0050A8DE" hottextcolor="#0050A8DE" group="optPopupReturn" selected="true" selectedimage="file=&apos;SysBtn\radiobox_pressed.png&apos; source=&apos;0,0,16,16&apos; dest=&apos;0,4,16,20&apos;" />
            		<Option name="optUnPopupReturn" text="只收消息不弹框" width="120" height="26" padding="10,0,0,0" textpadding="20,0,0,0" textcolor="#FF2E2E2E" disabledtextcolor="#FFA7A6AA" font="0" align="left,vcenter" endellipsis="true" normalimage="file=&apos;SysBtn\radiobox_normal.png&apos; source=&apos;0,0,16,16&apos; dest=&apos;0,4,16,20&apos;" hotimage="file=&apos;SysBtn\radiobox_hover.png&apos; source=&apos;0,0,16,16&apos; dest=&apos;0,4,16,20&apos;" pushedtextcolor="#0050A8DE" hottextcolor="#0050A8DE" group="optPopupReturn" selectedimage="file=&apos;SysBtn\radiobox_pressed.png&apos; source=&apos;0,0,16,16&apos; dest=&apos;0,4,16,20&apos;" />
        			</HorizontalLayout>
        		</VerticalLayout>
        	</HorizontalLayout>
        </VerticalLayout>
        <HorizontalLayout bkcolor="#FFEBEBEB" height="36">
        	<HorizontalLayout></HorizontalLayout>
        	<Button name="btnOK" text="确定" width="60" height="24" padding="0,6,10,0" textcolor="#FFEBEBEB" align="center" normalimage=" file=&apos;SysBtn\blue_button_normal.png&apos; " hotimage=" file=&apos;SysBtn\blue_button_hover.png&apos; " pushedimage=" file=&apos;SysBtn\blue_button_pressed.png&apos; "/>
        	<Button name="btnCencel" text="取消" width="60" height="24" padding="0,6,10,0" textcolor="#FF2E2E2E" align="center" normalimage=" file=&apos;SysBtn\button_normal.png&apos; " hotimage=" file=&apos;SysBtn\button_hover.png&apos; " pushedimage=" file=&apos;SysBtn\button_pressed.png&apos; "/>
        </HorizontalLayout>
    </VerticalLayout>
</Window>