<?xml version="1.0" encoding="UTF-8"?>
<Window size="790,535" mininfo="790,535" sizebox="4,4,6,6" caption="0,0,0,90" bordercolor="#FF90636E" bordersize="1" roundcorner="0,0" shadowimage="menu\shadow_02.png" showshadow="true" shadowcorner="0,30,30,30"> <!-- 窗口的初始尺寸(宽800，高600)、窗口的最小尺寸(宽600，高400)、标题栏拖拽区域(高32)、可拖拽边框大小(这里添加sizebox后就可以拖拽边框调整大小了) -->
    <Font name="微软雅黑" size="12" default="true"/>
    <Font name="微软雅黑" size="16" bold="true" />
    <Font name="微软雅黑" size="12" bold="true"  />
    <Font name="微软雅黑" size="12" />
    <Default name="VScrollBar" value="width=&quot;10&quot; button1normalimage=&quot;file='SysBtn\scrollbar.bmp' source='0,0,10,10'&quot; button1hotimage=&quot;file='SysBtn\scrollbar.bmp' source='11,0,21,10'&quot; button1pushedimage=&quot;file='SysBtn\scrollbar.bmp' source='22,0,32,10'&quot; button1disabledimage=&quot;file='SysBtn\scrollbar.bmp' source='0,0,10,10'&quot; button2normalimage=&quot;file='SysBtn\scrollbar.bmp' source='0,11,10,21'&quot; button2hotimage=&quot;file='SysBtn\scrollbar.bmp' source='11,11,21,21'&quot; button2pushedimage=&quot;file='SysBtn\scrollbar.bmp' source='22,11,32,21'&quot; button2disabledimage=&quot;file='SysBtn\scrollbar.bmp' source='0,11,10,21'&quot; bknormalimage=&quot;file='SysBtn\scrollbar.bmp' source='0,22,10,113' corner='4,4,4,4'&quot; bkhotimage=&quot;file='SysBtn\scrollbar.bmp' source='11,22,21,113' corner='4,4,4,4'&quot; bkpushedimage=&quot;file='SysBtn\scrollbar.bmp' source='22,22,32,113' corner='4,4,4,4'&quot; bkdisabledimage=&quot;file='SysBtn\scrollbar.bmp' source='0,22,10,113' corner='4,4,4,4'&quot; thumbnormalimage=&quot;file='SysBtn\scrollbar.bmp' source='33,0,43,35' corner='4,4,4,4'&quot; thumbhotimage=&quot;file='SysBtn\scrollbar.bmp' source='33,36,43,71' corner='4,4,4,4'&quot; thumbpushedimage=&quot;file='SysBtn\scrollbar.bmp' source='33,72,43,107' corner='4,4,4,4'&quot; thumbdisabledimage=&quot;file='SysBtn\scrollbar.bmp' source='33,0,43,35' corner='4,4,4,4'&quot;" />
    <VerticalLayout name="background" bkimage="file='BKImage\1.jpg' source='0,0,790,535'"> <!-- 整个窗口的背景色 -->
        <!-- 标题栏区 -->
        <HorizontalLayout height="90" bkimage="SysBtn\tranpic70.png"> <!-- 标题栏背景色 bkcolor、bkcolor2、bkcolor3分别是渐变色的三个值-->         
            	<VerticalLayout>
            		<HorizontalLayout height="60">
                          <VerticalLayout name="VLhead" padding="5,5,0,0" width="50" height="50" bkimage="file='SysBtn\icon_100x100.png'">
                              <ButtonGif name="btnhead"  width="50" height="50" bkimage="file='SysBtn\icon_50x50_bg.png'" ></ButtonGif>
                          </VerticalLayout>
                          <VerticalLayout padding="5,5,0,0">
                               <Label height="30" name="labelfriendname" align="left,vcenter" font="1" text="用户名............"></Label>
                               <Label height="30" name="labelfriendsign" align="left,top" font="0" text="签名......................................"></Label>
                          </VerticalLayout>
                    </HorizontalLayout>

               <HorizontalLayout height="25">
                   <Button name="btnfile" tooltip="文件传输" padding="5,0,0,0" width="22" height="22" normalimage="file='P2PSendMsgDlg\files_normal.png'" hotimage="file='P2PSendMsgDlg\files_hover.png'" pushedimage="file='files_pressed.png'"></Button>
                   <Button name="btntran" tooltip="客服转接" padding="1,0,0,0" width="22" height="22" normalimage="file='P2PSendMsgDlg\icon_replace_normal.png'" hotimage="file='P2PSendMsgDlg\icon_replace_hover.png'" pushedimage="file='P2PSendMsgDlg\icon_replace_pressed.png'"></Button>
                   <Button name="btnaudio" visible="false" padding="1,0,0,0" width="22" height="22" normalimage="file='P2PSendMsgDlg\icon_sound_normal.png'" hotimage="file='P2PSendMsgDlg\icon_sound_hover.png'" pushedimage="file='P2PSendMsgDlg\icon_sound_pressed.png'"></Button>
                   <Button name="btnvedio" visible="false" padding="1,0,0,0" width="22" height="22" normalimage="file='P2PSendMsgDlg\video_normal.png'" hotimage="file='P2PSendMsgDlg\video_hover.png'" pushedimage="file='P2PSendMsgDlg\video_pressed.png'"></Button>
                   <Button name="btnMonitorOn" visible="false" padding="1,0,0,0" width="22" height="22" normalimage="file='P2PSendMsgDlg\icon_monitoring_normal.png'" hotimage="file='P2PSendMsgDlg\icon_monitoring_hover.png'" pushedimage="file='P2PSendMsgDlg\icon_monitoring_pressed.png'" tooltip="监控会话"></Button>
                   <Button name="btnMonitorOff" visible="false" padding="1,0,0,0" width="22" height="22" normalimage="file='P2PSendMsgDlg\icon_monitoring_off_normal.png'" hotimage="file='P2PSendMsgDlg\icon_monitoring_off_hover.png'" pushedimage="file='P2PSendMsgDlg\icon_monitoring_off_pressed.png'" tooltip="取消监控"></Button>
                   <Button name="btnInsertMsg" visible="false" padding="1,0,0,0" width="22" height="22" normalimage="file='P2PSendMsgDlg\icon_message_normal.png'" hotimage="file='P2PSendMsgDlg\icon_message_hover.png'" pushedimage="file='P2PSendMsgDlg\icon_message_pressed.png'" disabledimage="file='P2PSendMsgDlg\icon_message_disable.png'" tooltip="插入会话"></Button>
                   <Button name="btnTranMsg" visible="false" padding="1,0,0,0" width="22" height="22" normalimage="file='P2PSendMsgDlg\icon_message_off_normal.png'" hotimage="file='P2PSendMsgDlg\icon_message_off_hover.png'" pushedimage="file='P2PSendMsgDlg\icon_message_off_pressed.png'" tooltip="接手会话"></Button>
               </HorizontalLayout>
           </VerticalLayout>    
           <VerticalLayout width="130"> <!-- 右边四个控件所占的宽度-->
           <Button name="hangupon" tooltip="已挂起" normalimage="file='P2PSendMsgDlgIcon\hold_normal.png'" hotimage="file='P2PSendMsgDlgIcon\hold_hover.png'" pushedimage="file='P2PSendMsgDlgIcon\hold_pressed.png'" pos="0,0,26,26" float="true"/>
           <Button name="hangupoff" tooltip="未挂起" normalimage="file='P2PSendMsgDlgIcon\hold_off_normal.png'" hotimage="file='P2PSendMsgDlgIcon\hold_off_hover.png'" pushedimage="file='P2PSendMsgDlgIcon\hold_off_pressed.png'" pos="0,0,26,26" float="true"/>
           <Button name="configbtn" tooltip="挂起设置" normalimage=" file='P2PSendMsgDlgIcon\window_drop_down_chat_normal.png' " hotimage=" file='P2PSendMsgDlgIcon\window_drop_down_chat_hover.png' " pushedimage=" file='P2PSendMsgDlgIcon\window_drop_down_chat_pressed.png' " pos="26,0,52,26" float="true"/>
           <Button name="minbtn" tooltip="最小化" normalimage=" file='P2PSendMsgDlgIcon\window_minimize_chat_normal.png' " hotimage=" file='P2PSendMsgDlgIcon\window_minimize_chat_hover.png' " pushedimage=" file='P2PSendMsgDlgIcon\window_minimize_chat_pressed.png' " pos="52,0,78,26" float="true"/>
           <Button name="maxbtn" tooltip="最大化" normalimage=" file='P2PSendMsgDlgIcon\window_biggest_chat_normal.png' " hotimage=" file='P2PSendMsgDlgIcon\window_biggest_chat_hover.png' " pushedimage=" file='P2PSendMsgDlgIcon\window_biggest_chat_pressed.png' " pos="78,0,104,26" float="true"/>
           <Button name="restorebtn" tooltip="还原" visible="false" normalimage=" file='P2PSendMsgDlgIcon\window_biggest_chat_normal.png' " hotimage=" file='P2PSendMsgDlgIcon\window_biggest_chat_hover.png' " pushedimage=" file='P2PSendMsgDlgIcon\window_biggest_chat_pressed.png' " pos="78,0,104,26" float="true"/>
           <Button name="closebtn" tooltip="关闭" normalimage=" file='P2PSendMsgDlgIcon\window_close_chat_normal.png' " hotimage=" file='P2PSendMsgDlgIcon\window_close_chat_hover.png' " pushedimage=" file='P2PSendMsgDlgIcon\window_close_chat_pressed.png' " pos="104,0,130,26" float="true"/>
         </VerticalLayout>      
   </HorizontalLayout>        
   <HorizontalLayout bkcolor="#FFFFFFFF" bkcolor2="#FFFFFFFF">
     <VerticalLayout rightbordersize="1" bordercolor="#FFD8DAE4">
           <HorizontalLayout bottombordersize="1" bordercolor="#FFD8DAE4">
              <RichEdit name="richedithistory" padding="1,1,1,1" autovscroll="true" vscrollbar="true" textpadding="4,1,4,1"></RichEdit>
              <!--<RichEditHistoryWnd name="richedithistory" padding="1,1,1,1" autovscroll="true" vscrollbar="true" textpadding="4,1,4,1" />-->
          </HorizontalLayout>
          <HorizontalLayout name="hltalkbar" height="32" rightbordersize="1" bottombordersize="1" bordercolor="#FFD8DAE4" visible="false">
              <TalkBarWnd padding="1,0,1,1"/>
          </HorizontalLayout>
          <HorizontalLayout height="24">
             <Button name="btnfont" padding="5,1,0,0" width="22" height="22" tooltip="设置字体和颜色" normalimage="file='P2PSendMsgDlgTool\font_size_normal.png'" hotimage="file='P2PSendMsgDlgTool\font_size_hover.png'" pushedimage="file='P2PSendMsgDlgTool\font_size_pressed.png'" disabledimage="file='P2PSendMsgDlgTool\font_size_disable.png'"></Button>
             <Button name="btnemotion" padding="5,1,0,0" width="22" height="22" tooltip="表情" normalimage="file='P2PSendMsgDlgTool\expression_normal.png'" hotimage="file='P2PSendMsgDlgTool\expression_hover.png'" pushedimage="file='P2PSendMsgDlgTool\expression_pressed.png'" disabledimage="file='P2PSendMsgDlgTool\expression_disable.png'"></Button>
             <Button name="btnsendPic" padding="5,1,0,0" width="22" height="22" tooltip="发送图片" normalimage="file='P2PSendMsgDlgTool\pictures_normal.png'" hotimage="file='P2PSendMsgDlgTool\pictures_hover.png'" pushedimage="file='P2PSendMsgDlgTool\pictures_pressed.png'" disabledimage="file='P2PSendMsgDlgTool\pictures_disable.png'"></Button>
             <Button name="btnscreentool" padding="5,1,0,0" width="20" height="22" tooltip="截图" normalimage="file='P2PSendMsgDlgTool\screenshots_normal.png'" hotimage="file='P2PSendMsgDlgTool\screenshots_hover.png'" pushedimage="file='P2PSendMsgDlgTool\screenshots_pressed.png'" disabledimage="file='P2PSendMsgDlgTool\screenshots_disable.png'"></Button>
             <Button name="btnscreentoolconfig" padding="0,1,0,0" width="13" height="22" tooltip="截图设置" normalimage="file='P2PSendMsgDlgTool\screenshots_choose_normal.png'" hotimage="file='P2PSendMsgDlgTool\screenshots_choose_hover.png'" pushedimage="file='P2PSendMsgDlgTool\screenshots_choose_pressed.png'" disabledimage="file='P2PSendMsgDlgTool\screenshots_choose_disable.png'"></Button>
             <Button name="btnshake" padding="5,1,0,0" width="22" height="22" tooltip="抖屏" normalimage="file='P2PSendMsgDlgTool\vibration_normal.png'" hotimage="file='P2PSendMsgDlgTool\vibration_hover.png'" pushedimage="file='P2PSendMsgDlgTool\vibration_pressed.png'" disabledimage="file='P2PSendMsgDlgTool\vibration_disable.png'"></Button>
             <Button name="btnscore" padding="5,1,0,0" width="22" height="22" tooltip="推送服务评价表" normalimage="file='P2PSendMsgDlgTool\score_normal.png'" hotimage="file='P2PSendMsgDlgTool\score_hover.png'" pushedimage="file='P2PSendMsgDlgTool\score_pressed.png'" disabledimage="file='P2PSendMsgDlgTool\score_disable.png'"></Button>
             <Button name="btnfastword" padding="5,1,0,0" width="22" height="22" tooltip="快捷短语" normalimage="file='P2PSendMsgDlgTool\quick_normal.png'" hotimage="file='P2PSendMsgDlgTool\quick_hover.png'" pushedimage="file='P2PSendMsgDlgTool\quick_pressed.png'" disabledimage="file='P2PSendMsgDlgTool\quick_disable.png'"></Button>
             <Label></Label>
             <Button name="btnhistory" width="90" height="24" tooltip="消息记录" text="消息记录" disabledtextcolor="#FFB3B3B3" textpadding="20,1,0,0" bkimage="file='P2PSendMsgDlgTool\message_record_icon.png' dest='7,4,24,21'" hotimage="file='P2PSendMsgDlgTool\long_button_hover.png'" hotforeimage="file='P2PSendMsgDlgTool\message_record_icon.png' dest='7,4,24,21'" pushedimage="file='P2PSendMsgDlgTool\long_button_pressed.png'" pushedforeimage="file='P2PSendMsgDlgTool\message_record_icon.png' dest='7,4,24,21'" disabledimage="file='P2PSendMsgDlgTool\message_record_icon_disable.png' dest='7,4,24,21'"></Button>
         </HorizontalLayout>
         <HorizontalLayout name="hlricheditsendmsg" height="90">
             <RichEdit name="richeditsendmsg" padding="0,0,0,0" autovscroll="true" vscrollbar="true" textpadding="4,1,4,1"></RichEdit>
             <!--<RichEditSendWnd name="richeditsendmsg" padding="1,1,1,1"  height="90" autovscroll="true" vscrollbar="true" textpadding="4,1,4,1" />-->
         </HorizontalLayout> 		
         <HorizontalLayout height="36" bkcolor="#FFEBEBEB">
          <Label></Label>
          <Button name="btnsend" padding="1,6,0,0" width="61" height="24" tooltip="发送" text="发送(&S)" textcolor="FFFFFFFF" normalimage="file='P2PSendMsgDlg\model_button_left_normal.png'" hotimage="file='P2PSendMsgDlg\model_button_left_hover.png'" pushedimage="file='P2PSendMsgDlg\model_button_left_pressed.png'" disabledimage="file='P2PSendMsgDlg\model_button_left_disable.png'"></Button>
          <Button name="btnsendconfig" padding="0,6,0,0" width="29" height="24" tooltip="快捷键设置" normalimage="file='P2PSendMsgDlg\model_button_right_normal.png'" hotimage="file='P2PSendMsgDlg\model_button_right_hover.png'" pushedimage="file='P2PSendMsgDlg\model_button_right_pressed.png'" disabledimage="file='P2PSendMsgDlg\model_button_right_disable.png'"></Button>
      </HorizontalLayout> 				
</VerticalLayout>
<TabLayout name="tabRight" width="388" selectedid="0">
<VerticalLayout width="288" name="VLwebright">
   <wkeWebkit name="ActiveXDemo1" padding="0,0,2,3"/>
</VerticalLayout>
<VerticalLayout width="388" name="VLhistoryright" visible="fasle">	
    <HistoryWnd width="388" name="historywnd" />
</VerticalLayout>
<VerticalLayout width="388" name="VLFastWord" visible="fasle">	
    <HorizontalLayout height="36" bkcolor="#FFD4D4D4">
       <Label text="快捷短语" textpadding="10,0,0,0" bkcolor="#FFFFFFFF" width="60"></Label>
       <VerticalLayout width="18" bkcolor="#FFFFFFFF">
          <Button name="btnfastwordclose" width="18" height="18" padding="0,9,0,0" normalimage="file='P2PSendMsgDlgTool\close_normal.png'" hotimage="file='P2PSendMsgDlgTool\close_hover.png'" pushedimage="file='P2PSendMsgDlgTool\close_hover.png'"></Button>
      </VerticalLayout>
  </HorizontalLayout>
  <HorizontalLayout>
   <TreeView name="treefastword" padding="1,1,1,1" itemlinecolor="#FFFFFFFF" itembkcolor="#FFD9E5EB" itemhotbkcolor="#FFE5F1F7" visiblefolderbtn="true" vscrollbar="true">
   </TreeView>
   <Button name="btnfastwordconfig" width="16" height="16" visible="false" float="true" normalimage="file='SysBtn\setting_normal.png'" hotimage="file='SysBtn\setting_hover.png'" pushedimage="file='SysBtn\setting_pressed.png'"></Button>
</HorizontalLayout> 
<HorizontalLayout height="36" bkcolor="#FFEBEBEB">
   <Label></Label>
   <Button name="btnFastWordNew" text="新建" padding="0,6,0,0" width="63" height="24" normalimage="SysBtn\button_normal.png" hotimage="SysBtn\button_hover.png" pushedimage="SysBtn\button_pressed.png"></Button>
   <Button name="btnFastWordImport" text="导入" padding="10,6,0,0" width="63" height="24" normalimage="SysBtn\button_normal.png" hotimage="SysBtn\button_hover.png" pushedimage="SysBtn\button_pressed.png"></Button>
   <Button name="btnFastWordExport" text="导出" padding="10,6,0,0" width="63" height="24" normalimage="SysBtn\button_normal.png" hotimage="SysBtn\button_hover.png" pushedimage="SysBtn\button_pressed.png"></Button>
   <Label></Label>
</HorizontalLayout>  
</VerticalLayout>
</TabLayout>
</HorizontalLayout>
</VerticalLayout>
</Window>