<?xml version="1.0" encoding="UTF-8"?>
<Window size="500,309" mininfo="500,309" caption="0,0,0,0" bordercolor="#FF90636E" bordersize="1" roundcorner="4,4,4,4"> <!-- 窗口的初始尺寸(宽800，高600)、窗口的最小尺寸(宽600，高400)、标题栏拖拽区域(高32)、可拖拽边框大小(这里添加sizebox后就可以拖拽边框调整大小了) -->
    <Font name="微软雅黑" size="12" default="true" />
    <Default name="VScrollBar" value="width=&quot;10&quot; button1normalimage=&quot;file='SysBtn\scrollbar.bmp' source='0,0,10,10'&quot; button1hotimage=&quot;file='SysBtn\scrollbar.bmp' source='11,0,21,10'&quot; button1pushedimage=&quot;file='SysBtn\scrollbar.bmp' source='22,0,32,10'&quot; button1disabledimage=&quot;file='SysBtn\scrollbar.bmp' source='0,0,10,10'&quot; button2normalimage=&quot;file='SysBtn\scrollbar.bmp' source='0,11,10,21'&quot; button2hotimage=&quot;file='SysBtn\scrollbar.bmp' source='11,11,21,21'&quot; button2pushedimage=&quot;file='SysBtn\scrollbar.bmp' source='22,11,32,21'&quot; button2disabledimage=&quot;file='SysBtn\scrollbar.bmp' source='0,11,10,21'&quot; bknormalimage=&quot;file='SysBtn\scrollbar.bmp' source='0,22,10,113' corner='4,4,4,4'&quot; bkhotimage=&quot;file='SysBtn\scrollbar.bmp' source='11,22,21,113' corner='4,4,4,4'&quot; bkpushedimage=&quot;file='SysBtn\scrollbar.bmp' source='22,22,32,113' corner='4,4,4,4'&quot; bkdisabledimage=&quot;file='SysBtn\scrollbar.bmp' source='0,22,10,113' corner='4,4,4,4'&quot; thumbnormalimage=&quot;file='SysBtn\scrollbar.bmp' source='33,0,43,35' corner='4,4,4,4'&quot; thumbhotimage=&quot;file='SysBtn\scrollbar.bmp' source='33,36,43,71' corner='4,4,4,4'&quot; thumbpushedimage=&quot;file='SysBtn\scrollbar.bmp' source='33,72,43,107' corner='4,4,4,4'&quot; thumbdisabledimage=&quot;file='SysBtn\scrollbar.bmp' source='33,0,43,35' corner='4,4,4,4'&quot;" />
    <TabLayout name="tabs">
        <VerticalLayout bkcolor="#FFFFFFFF" bkcolor2="#FFFFFFFF">
            <SearchList name="searchlist" header="hidden" itemshowhtml="true" vscrollbar="true" itembkcolor="#FFFFFFFF" itemselectedbkcolor="#FFECECEC" itemhotbkcolor="#FFF8F8F8"/>         
        </VerticalLayout>
        <VerticalLayout bkcolor="#FFFFFFFF" bkcolor2="#FFFFFFFF">
            <Label text="无搜索结果..." align="center,vcenter" textcolor="#FF7E7E7E" endellipsis="true" height="32"/>
            <Button name="btnTempSession" textpadding="10,0,0,0" align="left,vcenter" textcolor="#FF2E2E2E" endellipsis="true" hotimage=" file='SysBtn\yellow.png' corner='2,2,2,2' " pushedimage=" file='SysBtn\yellow.png' corner='2,2,2,2' " height="32"/>
        </VerticalLayout>
    </TabLayout>
</Window>