<?xml version="1.0" encoding="UTF-8"?>
<Window height="46"  roundcorner="2,2"> 
    <Include source="font.xml"/>
    <ListContainerElement>
    	   <HorizontalLayout>
            <HorizontalLayout width="40" height="40" padding="12,3,0,0">
                <ButtonGif name="lbHeaderIcon" width="40" height="40"endellipsis="true"/>
                <Label name="lbStatus" float="true" pos="0,0,132,32" textpadding="36,0,0,0"endellipsis="true"/>
            </HorizontalLayout>
            <Label width="12"/>
            <VerticalLayout> 
                <HorizontalLayout height="23">
                    <Label name="lbName" align="left,vcenter" textcolor="#FF2E2E2E" endellipsis="true"/>
                    <Label width="12"></Label>
                    <Label name="lbTime" width="50" align="right,vcenter" textcolor="#FF7E7E7E" endellipsis="true"/>
                    <Label width="12"></Label>
                </HorizontalLayout>
                <Label name="lbMsg" height="23" align="left,vcenter" textcolor="#FF7E7E7E" endellipsis="true"/>
            </VerticalLayout>
        </HorizontalLayout>
    </ListContainerElement>
</Window>