﻿<?xml version="1.0" encoding="utf-8"?>
<Window bordercolor="#FF90636E" bordersize="1" roundcorner="4,4,4,4" showshadow="true" shadowsize="5" shadowsharpness="10">
<Font name="微软雅黑" size="12" bold="false" default="true" />
<Font name="微软雅黑" size="12" bold="true"/>


<Default name="Menu" value="bordersize=&quot;1&quot; width=&quot;100&quot; borderround=&quot;2,2&quot; inset=&quot;2,2,2,2&quot; itemtextpadding=&quot;30,0,0,0&quot; bkcolor=&quot;0xFFFFFFFF&quot; itemselectedbkcolor=&quot;0xFF338ACA&quot;" />
<Menu>
  <MenuElement name="MenuReditSendCut" text="剪切" width="50" />
	<MenuElement name="MenuReditSendCopy" text="复制" width="50" />
	<MenuElement name="MenuReditSendPaste" text="粘贴" width="50" />
	<MenuElement name="MenuReditSendSelectAll" text="全部选择" width="80" />
	<MenuElement name="MenuReditSendClear" text="清屏" width="50" />
</Menu>
</Window>