<?xml version="1.0" encoding="UTF-8"?>
<ScrollbarConfig>
  <Image name="scrollbar.png" />
  <Default name="VScrollBar">
    <Attribute name="button1normalimage" value="image:scrollbar.png; source:0,0,16,16;" />
    <Attribute name="button1hotimage" value="image:scrollbar.png; source:0,16,16,32;" />
    <Attribute name="button1pushedimage" value="image:scrollbar.png; source:0,32,16,48;" />
    <!--<Attribute name="button1disabledimage" value="image:scrollbar.png; source:54,90,70,106;" />-->
    <Attribute name="button2normalimage" value="image:scrollbar.png; source:16,0,32,16;" />
    <Attribute name="button2hotimage" value="image:scrollbar.png; source:16,16,32,32;" />
    <Attribute name="button2pushedimage" value="image:scrollbar.png; source:16,32,32,48;" />
    <!--<Attribute name="button2disabledimage" value="image:scrollbar.png; source:54,108,70,124;" />-->
    <Attribute name="thumbnormalimage" value="image:scrollbar.png; source:32,0,48,16; corner:4,4,4,4;" />
    <Attribute name="thumbhotimage" value="image:scrollbar.png; source:32,16,48,32; corner:4,4,4,4;" />
    <Attribute name="thumbpushedimage" value="image:scrollbar.png; source:32,32,48,48; corner:4,4,4,4;" />
    <!--<Attribute name="thumbdisabledimage" value="image:scrollbar.png; source:54,126,70,182; corner:4,4,4,4;" />-->
    <Attribute name="bknormalimage" value="image:scrollbar.png; source:48,0,64,16; corner:4,4,4,4;" />
    <Attribute name="bkhotimage" value="image:scrollbar.png; source:48,16,64,32; corner:4,4,4,4;" />
    <Attribute name="bkpushedimage" value="image:scrollbar.png; source:48,32,64,48; corner:4,4,4,4;" />
    <!--<Attribute name="bkdisabledimage" value="image:scrollbar.png; source:54,162,70,178; corner:4,4,4,4;" />-->
    <Attribute name="scrollbarsize" value="16" />
    <Attribute name="minthumbsize" value="20" />
  </Default>
  <Default name="HScrollBar">
    <Attribute name="button1normalimage" value="image:scrollbar.png; source:64,0,80,16;" />
    <Attribute name="button1hotimage" value="image:scrollbar.png; source:64,16,80,32;" />
    <Attribute name="button1pushedimage" value="image:scrollbar.png; source:64,32,80,48;" />
    <!--<Attribute name="button1disabledimage" value="image:scrollbar.png; source:54,0,70,16;" />-->
    <Attribute name="button2normalimage" value="image:scrollbar.png; source:80,0,96,16;" />
    <Attribute name="button2hotimage" value="image:scrollbar.png; source:80,16,96,32;" />
    <Attribute name="button2pushedimage" value="image:scrollbar.png; source:80,32,96,48;" />
    <!--<Attribute name="button2disabledimage" value="image:scrollbar.png; source:54,18,70,34;" />-->
    <Attribute name="thumbnormalimage" value="image:scrollbar.png; source:96,0,112,16; corner:4,4,4,4;" />
    <Attribute name="thumbhotimage" value="image:scrollbar.png; source:96,16,112,32; corner:4,4,4,4;" />
    <Attribute name="thumbpushedimage" value="image:scrollbar.png; source:96,32,112,48; corner:4,4,4,4;" />
    <!--<Attribute name="thumbdisabledimage" value="image:scrollbar.png; source:54,36,70,52; corner:4,4,4,4;" />-->
    <Attribute name="bknormalimage" value="image:scrollbar.png; source:112,0,128,16; corner:4,4,4,4;" />
    <Attribute name="bkhotimage" value="image:scrollbar.png; source:112,16,128,32; corner:4,4,4,4;" />
    <Attribute name="bkpushedimage" value="image:scrollbar.png; source:112,32,128,48; corner:4,4,4,4;" />
    <!--<Attribute name="bkdisabledimage" value="image:scrollbar.png; source:54,72,70,88; corner:4,4,4,4;" />-->
    <Attribute name="scrollbarsize" value="16" />
    <Attribute name="minthumbsize" value="20" />
  </Default>
</ScrollbarConfig>