<?xml version="1.0" encoding="UTF-8"?>
<Window size="500,309" mininfo="500,309" caption="0,0,0,0" bordercolor="#FF90636E" bordersize="1" roundcorner="4,4,4,4" showshadow="true" shadowimage="menu\shadow.png" showshadow="true" shadowcorner="30,30,30,30"> 
    <Include source="font.xml"/>
    <Default name="VScrollBar" value="width=&quot;10&quot; button1normalimage=&quot;file='SysBtn\scrollbar.bmp' fade='0' source='0,0,10,10'&quot; button1hotimage=&quot;file='SysBtn\scrollbar.bmp' fade='200' source='11,0,21,10'&quot; button1pushedimage=&quot;file='SysBtn\scrollbar.bmp' fade='200' source='22,0,32,10'&quot; button1disabledimage=&quot;file='SysBtn\scrollbar.bmp' fade='200' source='0,0,10,10'&quot; button2normalimage=&quot;file='SysBtn\scrollbar.bmp' fade='0' source='0,11,10,21'&quot; button2hotimage=&quot;file='SysBtn\scrollbar.bmp' fade='200' source='11,11,21,21'&quot; button2pushedimage=&quot;file='SysBtn\scrollbar.bmp' fade='200' source='22,11,32,21'&quot; button2disabledimage=&quot;file='SysBtn\scrollbar.bmp' fade='200' source='0,11,10,21'&quot; bknormalimage=&quot;file='SysBtn\scrollbar.bmp' source='0,22,10,113' fade='0' corner='4,4,4,4'&quot; bkhotimage=&quot;file='SysBtn\scrollbar.bmp' fade='200' source='11,22,21,113' corner='4,4,4,4'&quot; bkpushedimage=&quot;file='SysBtn\scrollbar.bmp' fade='200' source='22,22,32,113' corner='4,4,4,4'&quot; bkdisabledimage=&quot;file='SysBtn\scrollbar.bmp' fade='200' source='0,22,10,113' corner='4,4,4,4'&quot; thumbnormalimage=&quot;file='SysBtn\scrollbar.bmp' fade='200' source='33,0,43,35' corner='4,4,4,4'&quot; thumbhotimage=&quot;file='SysBtn\scrollbar.bmp' fade='200' source='33,36,43,71' corner='4,4,4,4'&quot; thumbpushedimage=&quot;file='SysBtn\scrollbar.bmp' fade='200' source='33,72,43,107' corner='4,4,4,4'&quot; thumbdisabledimage=&quot;file='SysBtn\scrollbar.bmp' fade='200' source='33,0,43,35' corner='4,4,4,4'&quot;" />
    <VerticalLayout bkcolor="#FFFFFFFF" bkcolor2="#FFFFFFFF">
        <TabLayout name="tabMain">
        <VerticalLayout> <!-- 整个窗口的背景色 -->
            <List name="lsSearchResult" header="hidden" vscrollbar="true" itembkcolor="#FFFFFFFF" itemselectedbkcolor="#FF3E9FDB" itemtextcolor="#FF2E2E2E" itemtextpadding="34,0,0,0" itemalign="left,vcenter" itemendellipsis="true" itemselectedtextcolor="FFFFFFFF" padding="1,1,1,1" itemlinecolor="#FFFFFFFF" itemhotbkcolor="#FF3E9FDB" itemhottextcolor="#FFFFFFFF"/>
        </VerticalLayout>
        <VerticalLayout>
            <Label text="没有找到好友" textcolor="#FF2E2E2E" align="center,vcenter" height="32"/>
        </VerticalLayout>
        </TabLayout>
    </VerticalLayout>
</Window>