<?xml version="1.0" encoding="UTF-8"?>
<Window size="382,247" mininfo="382,247"> 
    <Font name="微软雅黑" size="12" bold="false" default="true" />
    <Font name="微软雅黑" size="12" bold="true"/>
    <Default name="VScrollBar" value="width=&quot;10&quot; button1normalimage=&quot;file='SysBtn\scrollbar.bmp' source='0,0,10,10'&quot; button1hotimage=&quot;file='SysBtn\scrollbar.bmp' source='11,0,21,10'&quot; button1pushedimage=&quot;file='SysBtn\scrollbar.bmp' source='22,0,32,10'&quot; button1disabledimage=&quot;file='SysBtn\scrollbar.bmp' source='0,0,10,10'&quot; button2normalimage=&quot;file='SysBtn\scrollbar.bmp' source='0,11,10,21'&quot; button2hotimage=&quot;file='SysBtn\scrollbar.bmp' source='11,11,21,21'&quot; button2pushedimage=&quot;file='SysBtn\scrollbar.bmp' source='22,11,32,21'&quot; button2disabledimage=&quot;file='SysBtn\scrollbar.bmp' source='0,11,10,21'&quot; bknormalimage=&quot;file='SysBtn\scrollbar.bmp' source='0,22,10,113' corner='4,4,4,4'&quot; bkhotimage=&quot;file='SysBtn\scrollbar.bmp' source='11,22,21,113' corner='4,4,4,4'&quot; bkpushedimage=&quot;file='SysBtn\scrollbar.bmp' source='22,22,32,113' corner='4,4,4,4'&quot; bkdisabledimage=&quot;file='SysBtn\scrollbar.bmp' source='0,22,10,113' corner='4,4,4,4'&quot; thumbnormalimage=&quot;file='SysBtn\scrollbar.bmp' source='26,0,43,35' corner='4,4,4,4'&quot; thumbhotimage=&quot;file='SysBtn\scrollbar.bmp' source='26,36,43,71' corner='4,4,4,4'&quot; thumbpushedimage=&quot;file='SysBtn\scrollbar.bmp' source='26,72,43,107' corner='4,4,4,4'&quot; thumbdisabledimage=&quot;file='SysBtn\scrollbar.bmp' source='26,0,43,35' corner='4,4,4,4'&quot;" />
    <VerticalLayout bkcolor="#FFFFFFFF" bkcolor2="#FFFFFFFF" height="247"> <!-- 整个窗口的背景色 -->    
        <Label  text="消息记录:" width="150" height="26" textpadding="20,0,0,0" textcolor="#FF2E2E2E" disabledtextcolor="#FFA7A6AA" font="1" />
        <Option name= "LoginShowLog" text="登录哞哞时同步最近聊天记录" width="306" height="26" padding="45,0,0,0" align="left,vcenter" endellipsis="true" textpadding="20,0,0,0" textcolor="#FF2E2E2E" disabledtextcolor="#FFA7A6AA" font="0" normalimage="file='SysBtn\check_box_normal.png' source='0,0,16,16' dest='0,4,16,20'" selectedimage="file='SysBtn\check_box_pressed.png' source='0,0,16,16' dest='0,4,16,20'" hotimage="file='SysBtn\check_box_hover.png' source='0,0,16,16' dest='0,4,16,20'" selectedhotimage="file='SysBtn\checked_box_hover.png' source='0,0,16,16' dest='0,4,16,20'"  hottextcolor="#50A8DE" pushedtextcolor="#50A8DE" width="300"/>
        <Option name= "ExitDeleteLog" text="退出哞哞时自动删除所有消息记录" width="306" height="26" padding="45,0,0,0" align="left,vcenter" endellipsis="true" textpadding="20,0,0,0" textcolor="#FF2E2E2E" disabledtextcolor="#FFA7A6AA" font="0" normalimage="file='SysBtn\check_box_normal.png' source='0,0,16,16' dest='0,4,16,20'" selectedimage="file='SysBtn\check_box_pressed.png' source='0,0,16,16' dest='0,4,16,20'" hotimage="file='SysBtn\check_box_hover.png' source='0,0,16,16' dest='0,4,16,20'" selectedhotimage="file='SysBtn\checked_box_hover.png' source='0,0,16,16' dest='0,4,16,20'"  hottextcolor="#50A8DE" pushedtextcolor="#50A8DE" width="300"/>
        <Label text = "如果您需要删除某个人或者某个群的消息记录,请使用消息管理器"  height="26" padding="20,0,0,0" align="left,vcenter" endellipsis="true" textpadding="20,0,0,0" textcolor="#FF2E2E2E"/>
        <Button name="msgview" text="打开消息管理器" width="100" height="26" padding="40,0,0,0" bkimage="ImClient\SysBtn\blue_button_normal.png" textcolor="#00EBEBEB" disabledtextcolor="#FFA7A6AA" font="0" align="center" normalimage=" file=&apos;SysBtn\blue_button_normal.png&apos; " hotimage=" file=&apos;SysBtn\blue_button_hover.png&apos; " pushedimage=" file=&apos;SysBtn\blue_button_pressed.png&apos; " />
    </VerticalLayout>
</Window>
