<?xml version="1.0" encoding="UTF-8"?>
<Window size="500,450" mininfo="500,450" caption="0,0,0,45" bordercolor="#FF90636E" bordersize="1" roundcorner="4,4,4,4" showshadow="true" shadowsize="5" shadowsharpness="10"> <!-- 窗口的初始尺寸(宽800，高600)、窗口的最小尺寸(宽600，高400)、标题栏拖拽区域(高32)、可拖拽边框大小(这里添加sizebox后就可以拖拽边框调整大小了) -->
    <Font name="微软雅黑" size="12" default="true" />
    <Font name="微软雅黑" size="16" bold="true" />
    <Font name="微软雅黑" size="12" bold="true"  />
    <Font name="微软雅黑" size="12" />
    <Default name="VScrollBar" value="width=&quot;10&quot; button1normalimage=&quot;file='SysBtn\scrollbar.bmp' fade='0' source='0,0,10,10'&quot; button1hotimage=&quot;file='SysBtn\scrollbar.bmp' fade='200' source='11,0,21,10'&quot; button1pushedimage=&quot;file='SysBtn\scrollbar.bmp' fade='200' source='22,0,32,10'&quot; button1disabledimage=&quot;file='SysBtn\scrollbar.bmp' fade='200' source='0,0,10,10'&quot; button2normalimage=&quot;file='SysBtn\scrollbar.bmp' fade='0' source='0,11,10,21'&quot; button2hotimage=&quot;file='SysBtn\scrollbar.bmp' fade='200' source='11,11,21,21'&quot; button2pushedimage=&quot;file='SysBtn\scrollbar.bmp' fade='200' source='22,11,32,21'&quot; button2disabledimage=&quot;file='SysBtn\scrollbar.bmp' fade='200' source='0,11,10,21'&quot; bknormalimage=&quot;file='SysBtn\scrollbar.bmp' source='0,22,10,113' fade='0' corner='4,4,4,4'&quot; bkhotimage=&quot;file='SysBtn\scrollbar.bmp' fade='200' source='11,22,21,113' corner='4,4,4,4'&quot; bkpushedimage=&quot;file='SysBtn\scrollbar.bmp' fade='200' source='22,22,32,113' corner='4,4,4,4'&quot; bkdisabledimage=&quot;file='SysBtn\scrollbar.bmp' fade='200' source='0,22,10,113' corner='4,4,4,4'&quot; thumbnormalimage=&quot;file='SysBtn\scrollbar.bmp' fade='200' source='33,0,43,35' corner='4,4,4,4'&quot; thumbhotimage=&quot;file='SysBtn\scrollbar.bmp' fade='200' source='33,36,43,71' corner='4,4,4,4'&quot; thumbpushedimage=&quot;file='SysBtn\scrollbar.bmp' fade='200' source='33,72,43,107' corner='4,4,4,4'&quot; thumbdisabledimage=&quot;file='SysBtn\scrollbar.bmp' fade='200' source='33,0,43,35' corner='4,4,4,4'&quot;" />
     <VerticalLayout bkcolor="#FFFFFFFF" bkcolor2="#FFFFFFFF"> <!-- 整个窗口的背景色 -->
        <!-- 标题栏区 -->
        <HorizontalLayout name="background" height="150" bkcolor="#FF4D95C2" bkcolor2="#FF4D95C2"> <!-- 标题栏背景色 bkcolor、bkcolor2、bkcolor3分别是渐变色的三个值-->         
            <HorizontalLayout>
            	<VerticalLayout width="120">
            		<VerticalLayout name="VLhead" padding="10,30,0,0" width="88" height="88" bkimage="SysBtn\icon_100x100_bg.png">
            			<ButtonGif name="btnhead"  width="88" height="88" tooltip="修改头像" bkimage="SysBtn\icon_100x100_bg.png" />
								</VerticalLayout>
              </VerticalLayout>
            	<VerticalLayout>
            			<HorizontalLayout height="60">
            				<Label name="selfnamehead" text="用户名" font="1" textcolor="FFFFFFFF" padding="0,40,0,0"></Label>
            			</HorizontalLayout>
            			<HorizontalLayout height="40">
            				<Label name="level" text="等级：" textcolor="FFFFFFFF" width="40"></Label>
            				<Label name="levelLabel" width="16" height="16" padding="10,12,0,0" />
                    <Label name="levelSec" width="16" height="16" padding="0,12,0,0" />
                    <Label name="levelThird" width="16" height="16" padding="0,12,0,0" />
            			</HorizontalLayout>
            	</VerticalLayout>
            	<VerticalLayout width="26">
            		 <Button name="closebtn" tooltip="关闭" width="26" height="26" normalimage=" file='SysBtn\window_close_normal.png' " hotimage=" file='SysBtn\window_close_hover.png' " pushedimage=" file='SysBtn\window_close_pressed.png' "/>
            	</VerticalLayout>
            </HorizontalLayout>  
        </HorizontalLayout>        
        <!-- 客户区 -->
        <TabLayout name="tabs">
            <VerticalLayout>
            	<VerticalLayout>
            		<HorizontalLayout height="30">
            			<HorizontalLayout>
            				<Label text="姓名：" padding="15,10,0,0" autocalcwidth="true"></Label>
            				<Label name="selfname" padding="15,10,0,0" width="250" endellipsis="true"></Label>
            			</HorizontalLayout>
            			<VerticalLayout width="73">
            				<Button name="editSelf" width="63" height="24" text="编辑" padding="0,6,0,0" normalimage="file='SysBtn\button_normal.png'" hotimage="file='SysBtn\button_hover.png'" pushedimage="file='SysBtn\button_pressed.png'"></Button>
            			</VerticalLayout>
            		</HorizontalLayout>
            		<HorizontalLayout height="30">
                	<Label text="性别：" padding="15,10,0,0" autocalcwidth="true"></Label>
                	<Label name="selfsex" padding="15,10,0,0" autocalcwidth="true"></Label>
            		</HorizontalLayout>
            		<HorizontalLayout height="30">
                	<Label text="所在地：" padding="15,10,0,0" autocalcwidth="true"></Label>
                	<Label name="selfcity" padding="15,10,0,0" autocalcwidth="true"></Label>
            		</HorizontalLayout>
            		<HorizontalLayout height="30">
                	<Label text="生日：" padding="15,10,0,0" autocalcwidth="true"></Label>
                	<Label name="selfbirth" padding="15,10,0,0" autocalcwidth="true"></Label>
            		</HorizontalLayout>
            		<HorizontalLayout height="30">
                	<Label text="手机：" padding="15,10,0,0" autocalcwidth="true"></Label>
                	<Label name="selfcellphone" padding="15,10,0,0" autocalcwidth="true"></Label>
            		</HorizontalLayout>
             		<HorizontalLayout height="30">
                	<Label text="电话：" padding="15,10,0,0" autocalcwidth="true"></Label>
                	<Label name="selftelephone" padding="15,10,0,0" autocalcwidth="true"></Label>
            		</HorizontalLayout>    
              	<HorizontalLayout height="30">
                	<Label text="邮箱：" padding="15,10,0,0" autocalcwidth="true"></Label>
                	<Label name="selfmial" padding="15,10,0,0" autocalcwidth="true"></Label>
            		</HorizontalLayout>
              	<HorizontalLayout height="30">
                	<Label text="行业：" padding="15,10,0,0" autocalcwidth="true"></Label>
                	<Label name="selfcareer" padding="15,10,0,0" autocalcwidth="true"></Label>
            		</HorizontalLayout> 
            	</VerticalLayout>           	             	       	
            </VerticalLayout>
            <VerticalLayout>
            	<VerticalLayout>
            		<HorizontalLayout height="30">
            			<VerticalLayout>
            				<HorizontalLayout>
             					<Label text="姓名： " padding="15,10,0,0" autocalcwidth="true"></Label>
            					<Edit name="editname" padding="10,6,0,0" width="135" bordercolor="#FFc8c8c8" bordersize="1" ></Edit>           					
            				</HorizontalLayout>
            			</VerticalLayout>
            			<VerticalLayout width="146">
            				<HorizontalLayout>
            					<Button name="editSave" width="63" height="24" text="保存" padding="0,6,0,0" normalimage="file='SysBtn\button_normal.png'" hotimage="file='SysBtn\button_hover.png'" pushedimage="file='SysBtn\button_pressed.png'"></Button>
            					<Button name="editCancel" width="63" height="24" text="取消" padding="10,6,0,0" normalimage="file='SysBtn\button_normal.png'" hotimage="file='SysBtn\button_hover.png'" pushedimage="file='SysBtn\button_pressed.png'"></Button>
            				</HorizontalLayout>
            			</VerticalLayout>
            		</HorizontalLayout>
            		<HorizontalLayout height="30">
                	<Label text="性别： " padding="15,10,0,0" autocalcwidth="true"></Label>
                	<Combo name="combosex" droptype="droplist" padding="10,6,0,0" width="135" textpadding="1,1,28,1" bordercolor="#FFc8c8c8" bordersize="1" itemtextpadding="4,0,0,0" itemendellipsis="true" normalimage="file='SysBtn\window_drop_down_chat_normal.png' source='0,0,26,26' corner='0,26,26,0'" hotimage="file='SysBtn\window_drop_down_chat_normal.png' source='0,0,26,26' corner='0,26,26,0'" pushedimage="file='SysBtn\window_drop_down_chat_pressed.png' source='0,0,26,26' corner='0,26,26,0'"/>
            		</HorizontalLayout>
            		<HorizontalLayout height="30">
                	<Label text="所在地：" padding="15,10,0,0" autocalcwidth="true"></Label>
                	<HorizontalLayout bkcolor="#FFFFFFFF" bkcolor2="#FFFFFFFF" bordercolor="#FFD1D1D1" bordersize="1" padding="0,6,0,0" width="135"> <!-- 整个窗口的背景色 -->
        				    <Combo name="comboprovince" float="true" pos="0,1,135,23" droptype="droplist" textpadding="38,1,1,1" itemtextpadding="10,0,0,0" itemendellipsis="true" itemendellipsis="true" normalimage="file='SysBtn\window_drop_down_chat_normal.png' source='0,0,26,26' dest='108,0,134,26'" hotimage="file='SysBtn\window_drop_down_chat_normal.png' source='0,0,26,26' dest='108,0,134,26'" pushedimage="file='SysBtn\window_drop_down_chat_pressed.png' source='0,0,26,26' dest='108,0,134,26'"></Combo>  
        				    <Label name="Addrprovince" textcolor="#FF000000" endellipsis="true" text="省份：" pos="10,1,50,23" float="true"/>
    							</HorizontalLayout>
                	<HorizontalLayout bkcolor="#FFFFFFFF" bkcolor2="#FFFFFFFF" bordercolor="#FFD1D1D1" bordersize="1" padding="10,6,0,0" width="135"> <!-- 整个窗口的背景色 -->
        				    <Combo name="combocity" float="true" pos="0,1,135,23" droptype="droplist" textpadding="38,1,1,1" itemtextpadding="10,0,0,0" itemendellipsis="true" itemendellipsis="true" normalimage="file='SysBtn\window_drop_down_chat_normal.png' source='0,0,26,26' dest='108,0,134,26'" hotimage="file='SysBtn\window_drop_down_chat_normal.png' source='0,0,26,26' dest='108,0,134,26'" pushedimage="file='SysBtn\window_drop_down_chat_pressed.png' source='0,0,26,26' dest='108,0,134,26'"></Combo>  
        				    <Label name="Addrcity" textcolor="#FF000000" endellipsis="true" text="城市：" pos="10,1,50,23" float="true"/>
    							</HorizontalLayout>
                	<HorizontalLayout bkcolor="#FFFFFFFF" bkcolor2="#FFFFFFFF" bordercolor="#FFD1D1D1" bordersize="1" padding="10,6,0,0" width="135"> <!-- 整个窗口的背景色 -->
        				    <Combo name="combocountry" float="true" pos="0,1,135,23" droptype="droplist" textpadding="38,1,1,1" itemtextpadding="10,0,0,0" itemendellipsis="true" itemendellipsis="true" normalimage="file='SysBtn\window_drop_down_chat_normal.png' source='0,0,26,26' dest='108,0,134,26'" hotimage="file='SysBtn\window_drop_down_chat_normal.png' source='0,0,26,26' dest='108,0,134,26'" pushedimage="file='SysBtn\window_drop_down_chat_pressed.png' source='0,0,26,26' dest='108,0,134,26'"></Combo>  
        				    <Label name="Addrcountry" textcolor="#FF000000" endellipsis="true" text="县区：" pos="10,1,50,23" float="true"/>
    							</HorizontalLayout>
            		</HorizontalLayout>
            		<HorizontalLayout height="30">
                	<Label text="生日： " padding="15,10,0,0" autocalcwidth="true"></Label>
                	<Combo name="comboyear" droptype="droplist" padding="10,6,0,0" width="135" textpadding="1,1,28,1" bordercolor="#FFc8c8c8" bordersize="1" itemtextpadding="4,0,0,0" itemendellipsis="true" normalimage="file='SysBtn\window_drop_down_chat_normal.png' source='0,0,26,26' corner='0,26,26,0'" hotimage="file='SysBtn\window_drop_down_chat_normal.png' source='0,0,26,26' corner='0,26,26,0'" pushedimage="file='SysBtn\window_drop_down_chat_pressed.png' source='0,0,26,26' corner='0,26,26,0'"/>
                	<Combo name="combomonth" droptype="droplist" padding="10,6,0,0" width="135" textpadding="1,1,28,1" bordercolor="#FFc8c8c8" bordersize="1" itemtextpadding="4,0,0,0" itemendellipsis="true" normalimage="file='SysBtn\window_drop_down_chat_normal.png' source='0,0,26,26' corner='0,26,26,0'" hotimage="file='SysBtn\window_drop_down_chat_normal.png' source='0,0,26,26' corner='0,26,26,0'" pushedimage="file='SysBtn\window_drop_down_chat_pressed.png' source='0,0,26,26' corner='0,26,26,0'"/>
                	<Combo name="comboday" droptype="droplist" padding="10,6,0,0" width="135" textpadding="1,1,28,1" bordercolor="#FFc8c8c8" bordersize="1" itemtextpadding="4,0,0,0" itemendellipsis="true" normalimage="file='SysBtn\window_drop_down_chat_normal.png' source='0,0,26,26' corner='0,26,26,0'" hotimage="file='SysBtn\window_drop_down_chat_normal.png' source='0,0,26,26' corner='0,26,26,0'" pushedimage="file='SysBtn\window_drop_down_chat_pressed.png' source='0,0,26,26' corner='0,26,26,0'"/>
            		</HorizontalLayout>
            		<HorizontalLayout height="30">
                	<Label text="手机： " padding="15,10,0,0" autocalcwidth="true"></Label>
                	<Edit name="editcellphone" padding="10,6,0,0"  width="135" bordercolor="#FFc8c8c8" bordersize="1"></Edit>
            		</HorizontalLayout>
             		<HorizontalLayout height="30">
                	<Label text="电话： " padding="15,10,0,0" autocalcwidth="true"></Label>
                	<Edit name="edittelephone" padding="10,6,0,0"  width="135" bordercolor="#FFc8c8c8" bordersize="1"></Edit>
            		</HorizontalLayout>    
              	<HorizontalLayout height="30">
                	<Label text="邮箱： " padding="15,10,0,0" autocalcwidth="true"></Label>
                	<Edit name="editmial" padding="10,6,0,0"  width="135" bordercolor="#FFc8c8c8" bordersize="1"></Edit>
            		</HorizontalLayout>
              	<HorizontalLayout height="30">
                	<Label text="行业： " padding="15,10,0,0" autocalcwidth="true"></Label>
                	<Combo name="combocareer" droptype="droplist" padding="10,6,0,0"  width="135" textpadding="1,1,28,1" bordercolor="#FFc8c8c8" bordersize="1" itemtextpadding="4,0,0,0" itemendellipsis="true" normalimage="file='SysBtn\window_drop_down_chat_normal.png' source='0,0,26,26' corner='0,26,26,0'" hotimage="file='SysBtn\window_drop_down_chat_normal.png' source='0,0,26,26' corner='0,26,26,0'" pushedimage="file='SysBtn\window_drop_down_chat_pressed.png' source='0,0,26,26' corner='0,26,26,0'"/>
            		</HorizontalLayout> 
            		<HorizontalLayout height="30">
                	<Label text="个人资料公开程度：" padding="15,10,0,0" autocalcwidth="true"></Label>
            		</HorizontalLayout> 
            		<HorizontalLayout height="40">
                	<Option name="radio2" text="完全公开" height="26" padding="45,0,0,0" align="left,vcenter" endellipsis="true" textpadding="20,0,0,0"  textcolor="#FF2E2E2E" font="0" normalimage="file='SysBtn\radiobox_normal.png' source='0,0,16,16' dest='0,4,16,20'" selectedimage="file='SysBtn\radiobox_pressed.png' source='0,0,16,16' dest='0,4,16,20'" hotimage="file='SysBtn\radiobox_hover.png' source='0,0,16,16' dest='0,4,16,20'" selectedhotimage="file='SysBtn\radioboxed_hover.png' source='0,0,16,16' dest='0,4,16,20'" selected="true" group="SearchFriendTypeSel" hottextcolor="#50A8DE" pushedtextcolor="#50A8DE" width="100"/>
            			<Option name="radio1" text="对好友可见" height="26" padding="10,0,0,0" align="left,vcenter" endellipsis="true" textpadding="20,0,0,0" textcolor="#FF2E2E2E" font="0" normalimage="file='SysBtn\radiobox_normal.png' source='0,0,16,16' dest='0,4,16,20'" selectedimage="file='SysBtn\radiobox_pressed.png' source='0,0,16,16' dest='0,4,16,20'" hotimage="file='SysBtn\radiobox_hover.png' source='0,0,16,16' dest='0,4,16,20'" selectedhotimage="file='SysBtn\radioboxed_hover.png' source='0,0,16,16' dest='0,4,16,20'" group="SearchFriendTypeSel" hottextcolor="#50A8DE" pushedtextcolor="#50A8DE" width="100"/>     
            			<Option name="radio0" text="保密" height="26" padding="10,0,0,0" align="left,vcenter" endellipsis="true" textpadding="20,0,0,0" textcolor="#FF2E2E2E" font="0" normalimage="file='SysBtn\radiobox_normal.png' source='0,0,16,16' dest='0,4,16,20'" selectedimage="file='SysBtn\radiobox_pressed.png' source='0,0,16,16' dest='0,4,16,20'" hotimage="file='SysBtn\radiobox_hover.png' source='0,0,16,16' dest='0,4,16,20'" selectedhotimage="file='SysBtn\radioboxed_hover.png' source='0,0,16,16' dest='0,4,16,20'" group="SearchFriendTypeSel" hottextcolor="#50A8DE" pushedtextcolor="#50A8DE" width="100"/>
            		</HorizontalLayout> 
            	</VerticalLayout>           	             	       	
            </VerticalLayout>
        </TabLayout>
    </VerticalLayout>
</Window>