<?xml version="1.0" encoding="UTF-8"?>
<Window size="400,211" mininfo="400,211" caption="0,0,0,26" bordercolor="#FF90636E" bordersize="1" roundcorner="4,4,4,4" showshadow="true" shadowimage="menu\shadow.png" shadowcorner="30,30,30,30"> <!-- 窗口的初始尺寸(宽800，高600)、窗口的最小尺寸(宽600，高400)、标题栏拖拽区域(高32)、可拖拽边框大小(这里添加sizebox后就可以拖拽边框调整大小了) -->
    <Font name="微软雅黑" size="12" default="true" />
    <VerticalLayout bkcolor="#FFFFFFFF" bkcolor2="#FFFFFFFF"> <!-- 整个窗口的背景色 -->
        <!-- 标题栏区 -->
        <HorizontalLayout name="background" height="26" bkcolor="#FF4D95C2" bkcolor2="#FF4D95C2"> <!-- 标题栏背景色 bkcolor、bkcolor2、bkcolor3分别是渐变色的三个值-->         
            <VerticalLayout> <!-- 占空位，占据左边所有的空位-->
                <Label text="手机验证" textcolor="#FFFFFFFF" padding="10,2,0,0" align="left,vcenter"></Label>
            </VerticalLayout>      
            <VerticalLayout width="26"> <!-- 右边三个控件所占的宽度-->
                <Button name="closebtn" tooltip="关闭" width="26" height="26" normalimage=" file='SysBtn\window_close_normal.png' " hotimage=" file='SysBtn\window_close_hover.png' " pushedimage=" file='SysBtn\window_close_pressed.png' "/>
            </VerticalLayout>      
        </HorizontalLayout>        
        <!-- 客户区 -->
        <VerticalLayout>
            <Label height="10"></Label>
            <HorizontalLayout height="32">
                <Label width="24"></Label>
                <Label text="注册手机号:" align="left,vcenter" textcolor="#FF2E2E2E" endellipsis="true" width="70"/>
                <Edit name="editmobil" padding="10,4,10,4" bordercolor="#FFc8c8c8" bordersize="1" align="left,vcenter" textcolor="#FF2E2E2E" maxchar="11" numberonly="true" width="150"/>
            </HorizontalLayout>  
            <Label height="2"></Label>
            <HorizontalLayout height="32">
                <Label width="24"></Label>
                <Label width="70"/>
                <Edit name="editauthcode" padding="10,4,10,4" bordercolor="#FFc8c8c8" bordersize="1" align="left,vcenter" textcolor="#FF2E2E2E" maxchar="6" numberonly="true" width="100"/>
                <Label width="5"></Label>
                <Button name="btnGetAuthCode" width="100" height="24" normalimage=" file='SysBtn\blue_button_normal.png' corner='2,2,2,2'" hotimage=" file='SysBtn\blue_button_hover.png' corner='2,2,2,2'" pushedimage=" file='SysBtn\blue_button_pressed.png' corner='2,2,2,2'" disabledimage="file='SysBtn\button_normal.png' corner='2,2,2,2'" disabledtextcolor="#2E2E2E" text="获取验证码" textcolor="#FFFFFFFF" align="center,vcenter" font="0" padding="0,4,0,0"/>
            </HorizontalLayout> 
            <HorizontalLayout height="24">
                <Label width="24"></Label>
                <Label width="70"/>
                <Label name="edittip" width="5" textcolor="0xFF0000" text="请获取验证码" align="left,vcenter" padding="10,0,10,0" width="200"></Label>
            </HorizontalLayout> 
        </VerticalLayout>
        <HorizontalLayout height="32" bkcolor="#FFEBEBEB">
            <Label></Label>
            <Button name="okbtn" width="63" height="24" normalimage=" file='SysBtn\blue_button_normal.png' " hotimage=" file='SysBtn\blue_button_hover.png' " pushedimage=" file='SysBtn\blue_button_pressed.png' " text="确定" textcolor="#FFFFFFFF" align="center,vcenter" font="0" padding="0,4,0,0"/>
            <Label width="6"/>
            <Button name="closebtn" width="63" height="24" normalimage=" file='SysBtn\button_normal.png' " hotimage=" file='SysBtn\button_hover.png' " pushedimage=" file='SysBtn\button_pressed.png' " text="关闭" textcolor="#FF2e2e2e" align="center,vcenter" font="0" padding="0,4,0,0"/>
            <Label width="6"/>
        </HorizontalLayout>
    </VerticalLayout>
</Window>