<?xml version="1.0" encoding="UTF-8"?>
<Window size="467,290" mininfo="467,290" caption="0,0,0,26" bordercolor="#FF90636E" bordersize="1" roundcorner="4,4,4,4"> 
    <Font name="微软雅黑" size="12" default="true" />
    <Font name="微软雅黑" size="16" bold="true" />
    <Default name="VScrollBar" value="width=&quot;10&quot; button1normalimage=&quot;file='SysBtn\scrollbar.bmp' fade='0' source='0,0,10,10'&quot; button1hotimage=&quot;file='SysBtn\scrollbar.bmp' fade='200' source='11,0,21,10'&quot; button1pushedimage=&quot;file='SysBtn\scrollbar.bmp' fade='200' source='22,0,32,10'&quot; button1disabledimage=&quot;file='SysBtn\scrollbar.bmp' fade='200' source='0,0,10,10'&quot; button2normalimage=&quot;file='SysBtn\scrollbar.bmp' fade='0' source='0,11,10,21'&quot; button2hotimage=&quot;file='SysBtn\scrollbar.bmp' fade='200' source='11,11,21,21'&quot; button2pushedimage=&quot;file='SysBtn\scrollbar.bmp' fade='200' source='22,11,32,21'&quot; button2disabledimage=&quot;file='SysBtn\scrollbar.bmp' fade='200' source='0,11,10,21'&quot; bknormalimage=&quot;file='SysBtn\scrollbar.bmp' source='0,22,10,113' fade='0' corner='4,4,4,4'&quot; bkhotimage=&quot;file='SysBtn\scrollbar.bmp' fade='200' source='11,22,21,113' corner='4,4,4,4'&quot; bkpushedimage=&quot;file='SysBtn\scrollbar.bmp' fade='200' source='22,22,32,113' corner='4,4,4,4'&quot; bkdisabledimage=&quot;file='SysBtn\scrollbar.bmp' fade='200' source='0,22,10,113' corner='4,4,4,4'&quot; thumbnormalimage=&quot;file='SysBtn\scrollbar.bmp' fade='200' source='33,0,43,36' corner='4,4,4,4'&quot; thumbhotimage=&quot;file='SysBtn\scrollbar.bmp' fade='200' source='33,36,43,71' corner='4,4,4,4'&quot; thumbpushedimage=&quot;file='SysBtn\scrollbar.bmp' fade='200' source='33,72,43,107' corner='4,4,4,4'&quot; thumbdisabledimage=&quot;file='SysBtn\scrollbar.bmp' fade='200' source='33,0,43,36' corner='4,4,4,4'&quot;" />
    <VerticalLayout name="background" bkimage="file='BKImage\1.png' source='0,0,632,402'"> 
        <HorizontalLayout height="26" bkcolor="#004D95C2">     
            <Label name="title" text="一键换肤" textcolor="#FFFFFFFF" padding="10,2,0,0" align="left,vcenter"/>  
            <Button name="minbtn" tooltip="最小化" width="26" height="26" normalimage=" file='SysBtn\window_minimize_normal.png' " hotimage=" file='SysBtn\window_minimize_hover.png' " pushedimage=" file='SysBtn\window_minimize_pressed.png' "/>   
            <Button name="closebtn" tooltip="关闭" width="26" height="26" normalimage=" file='SysBtn\window_close_normal.png' " hotimage=" file='SysBtn\window_close_hover.png' " pushedimage=" file='SysBtn\window_close_pressed.png' "/>
        </HorizontalLayout>
        <VerticalLayout bkcolor="#FFFFFFFF">
            <TileLayout columns="5" vscrollbar="false" padding="10,10,0,0" childpadding="0,0,0,0" width="447" height="177" >
                <SkinPikerPictureItem name="SkinPictureItem1" width="88" height="88" bkimage="BKImage\1small.png" bkname="" tooltip="群峰壑立" author=""  foreimage=""/>
                <SkinPikerPictureItem name="SkinPictureItem2" width="88" height="88" bkimage="BKImage\2small.png" bkname="" tooltip="惬意午后" author=""   foreimage=""/>
                <SkinPikerPictureItem name="SkinPictureItem3" width="88" height="88" bkimage="BKImage\3small.png" bkname="" tooltip="粉饰初春" author=""   foreimage=""/>
                <SkinPikerPictureItem name="SkinPictureItem4" width="88" height="88" bkimage="BKImage\4small.png" bkname="" tooltip="天穹之美" author=""   foreimage=""/>
                <SkinPikerPictureItem name="SkinPictureItem5" width="88" height="88" bkimage="BKImage\5small.png" bkname="" tooltip="晨润万物" author=""   foreimage=""/>
                <SkinPikerPictureItem name="SkinPictureItem6" width="88" height="88" bkimage="BKImage\6small.png" bkname="" tooltip="郁梅童年" author=""   foreimage=""/>
                <SkinPikerPictureItem name="SkinPictureItem7" width="88" height="88" bkimage="BKImage\7small.png" bkname="" tooltip="白雪小屋" author=""   foreimage=""/>
                <SkinPikerPictureItem name="SkinPictureItem8" width="88" height="88" bkimage="BKImage\8small.png" bkname="" tooltip="蒲公追爱" author=""   foreimage=""/>
                <SkinPikerPictureItem name="SkinPictureItem9" width="88" height="88" bkimage="BKImage\9small.png" bkname="" tooltip="夕阳印象" author=""   foreimage=""/>
                <SkinPikerPictureItem name="SkinPictureItem10" width="88" height="88" bkimage="BKImage\10small.png" bkname="" tooltip="靓艳含香" author=""  foreimage=""/>
            </TileLayout >
            <TileLayout columns="12" vscrollbar="false" padding="10,1,0,0" childpadding="0,0,0,0" width="447" height="36" >
                <SkinPikerPictureItem name="SkinPictureItem11" width="36" height="36" bkimage="BKImage\c1small.png" bkname="" author=""  foreimage=""/>
                <SkinPikerPictureItem name="SkinPictureItem12" width="36" height="36" bkimage="BKImage\c2small.png" bkname="" author=""  foreimage=""/>
                <SkinPikerPictureItem name="SkinPictureItem13" width="36" height="36" bkimage="BKImage\c3small.png" bkname="" author="" foreimage=""/>
                <SkinPikerPictureItem name="SkinPictureItem14" width="36" height="36" bkimage="BKImage\c4small.png" bkname="" author="" foreimage=""/>
                <SkinPikerPictureItem name="SkinPictureItem15" width="36" height="36" bkimage="BKImage\c5small.png" bkname="" author="" foreimage=""/>
                <SkinPikerPictureItem name="SkinPictureItem16" width="36" height="36" bkimage="BKImage\c6small.png" bkname="" author="" foreimage=""/>
                <SkinPikerPictureItem name="SkinPictureItem17" width="36" height="36" bkimage="BKImage\c7small.png" bkname="" author="" foreimage=""/>
                <SkinPikerPictureItem name="SkinPictureItem18" width="36" height="36" bkimage="BKImage\c8small.png" bkname="" author="" foreimage=""/>
                <SkinPikerPictureItem name="SkinPictureItem19" width="36" height="36" bkimage="BKImage\c9small.png" bkname="" author="" foreimage=""/>
                <SkinPikerPictureItem name="SkinPictureItem20" width="36" height="36" bkimage="BKImage\c10small.png" bkname="" author="" foreimage=""/>
                <SkinPikerPictureItem name="SkinPictureItem21" width="36" height="36" bkimage="BKImage\c11small.png" bkname="" author="" foreimage=""/>
                <SkinPikerPictureItem name="SkinPictureItem22" width="36" height="36" bkimage="BKImage\c12small.png" bkname="" author="" foreimage=""/>
            </TileLayout >
        </VerticalLayout>
    </VerticalLayout>
</Window>