<?xml version="1.0" encoding="utf-8" standalone="yes" ?>
<Window size="385,112" caption="0,0,0,26" mininfo="385,112" roundcorner="4,4">
    <Font name="微软雅黑" size="12" bold="false" italic="false" default="true" />
    <Font name="微软雅黑" size="12" bold="true" italic="false" />
    <VerticalLayout name="background" width="385" height="112">
        <HorizontalLayout height="26">
                <Label text="指定发送" padding="10,2,0,0" textcolor="#FFFFFFFF" disabledtextcolor="#FFA7A6AA" font="0" />
                <Button name="btnclose" tooltip="关闭" width="26" height="26" normalimage=" file='SysBtn\window_close_normal.png' " hotimage=" file='SysBtn\window_close_hover.png' " pushedimage=" file='SysBtn\window_close_pressed.png' "/>
        </HorizontalLayout>        
        <!-- 客户区 -->
        <HorizontalLayout height="40" bkcolor="#FFEBEBEB" bkcolor2="#FFEBEBEB"> <!-- 整个窗口的背景色 -->
            <Label text="对方会员名:" width="100"  height="26" padding= " 10,10,0,0" textcolor="##FF2E2E2E" disabledtextcolor="#FFA7A6AA" font = "0" />
            <HorizontalLayout width="150" height="26" padding="10,10,0,0" bkcolor="#FFA0A0A0">
   					    <Edit name="usernameEdit" padding= "1,1,1,1" height="24" />
   		      </HorizontalLayout>  
        </HorizontalLayout>
        <HorizontalLayout bkcolor="#FFEBEBEB"/>
        <HorizontalLayout height="40" bkcolor="#FFEBEBEB">
            <Label text="" textcolor="##FF2E2E2E" disabledtextcolor="#FFA7A6AA" font = "0" />
            <Button name="btnOK" text="确定" width="60" height="24" padding="0,0,0,0" textcolor="#FFEBEBEB" disabledtextcolor="#FFA7A6AA" font="0" align="center" normalimage=" file=&apos;SysBtn\blue_button_normal.png&apos; " hotimage=" file=&apos;SysBtn\blue_button_hover.png&apos; " pushedimage=" file=&apos;SysBtn\blue_button_pressed.png&apos; " padding="0,4,0,0"/>
            <Label width="20"/>
            <Button name="btnCancel" text="取消" width="60" height="24" padding="0,0,0,0" textcolor="#FFEBEBEB" disabledtextcolor="#FFA7A6AA" font="0" align="center" normalimage=" file=&apos;SysBtn\blue_button_normal.png&apos; " hotimage=" file=&apos;SysBtn\blue_button_hover.png&apos; " pushedimage=" file=&apos;SysBtn\blue_button_pressed.png&apos; " padding="0,4,0,0"/>  
            <Label text=""/>
        </HorizontalLayout>
    </VerticalLayout>
</Window>
