<?xml version="1.0" encoding="utf-8" standalone="yes" ?>
<Window size="532,390" caption="0,0,0,26" mininfo="532,390" roundcorner="4,4">
    <Font name="微软雅黑" size="12" bold="false" italic="false" default="true" />
    <Font name="微软雅黑" size="12" bold="true" italic="false" />
    <VerticalLayout name="background" width="528" height="495">
        <HorizontalLayout height="26"> <!-- 标题栏背景色 bkcolor、bkcolor2、bkcolor3分别是渐变色的三个值-->         
            <VerticalLayout> <!-- 占空位，占据左边所有的空位-->
                <Label text="系统设置" textcolor="#FFFFFFFF" padding="10,2,0,0"  font="0"></Label>
            </VerticalLayout>      
            <VerticalLayout width="26"> <!-- 右边三个控件所占的宽度-->
                <Button name="close" tooltip="关闭" width="26" height="26" normalimage=" file='SysBtn\window_close_normal.png' " hotimage=" file='SysBtn\window_close_hover.png' " pushedimage=" file='SysBtn\window_close_pressed.png' "/>
            </VerticalLayout>      
        </HorizontalLayout>        
        <!-- 客户区 -->
        <HorizontalLayout height="44" bkcolor="#FFEBEBEB" bkcolor2="#FFEBEBEB"> <!-- 整个窗口的背景色 -->
            <Option name="basicSettingBtn" selected="true" group="mainTab" text="基本设置" textcolor="#595959" hottextcolor="#80b6d7" pushedtextcolor="#3d7496" focusedtextcolor="#3d7496" selectedtextcolor="#3d7496" normalimage="file='SysBtn\setting_normal.png' dest='14,14,30,30'" hotimage="file='SysBtn\setting_hover.png' dest='14,14,30,30'" pushedimage="file='SysBtn\setting_pressed.png' dest='14,14,30,30'" focusedimage="file='SysBtn\setting_pressed.png' dest='14,14,30,30'" selectedimage="file='SysBtn\setting_pressed.png' dest='14,14,30,30'" pos="0,0,128,45" float="true" textpadding="35,12,0,0" align="left" font="1"/>
            <Option name="securitySettingBtn" group="mainTab" text="安全设置" textcolor="#595959" hottextcolor="#80b6d7" pushedtextcolor="#3d7496" focusedtextcolor="#3d7496" selectedtextcolor="#3d7496" normalimage="file='SysBtn\security_normal.png' dest='14,14,30,30'" hotimage="file='SysBtn\security_hover.png' dest='14,14,30,30'" pushedimage="file='SysBtn\security_pressed.png' dest='14,14,30,30'" focusedimage="file='SysBtn\security_pressed.png' dest='14,14,30,30'" selectedimage="file='SysBtn\security_pressed.png' dest='14,14,30,30'" pos="128,0,256,45" float="true" textpadding="35,12,0,0" align="left" font="1"/>
        </HorizontalLayout>
        <TabLayout name="tabs" selectedid="0">
            <VerticalLayout bkcolor="#FFFFFFFF">
               <BasicCfgWnd padding="1,1,1,1"/>
            </VerticalLayout>
            <VerticalLayout bkcolor="#FFFFFFFF">
               <SecurityCfgWnd padding="1,1,1,1"/>
            </VerticalLayout>
        </TabLayout>
        <HorizontalLayout height="37" bkcolor="#FFEBEBEB">
            <Label text="" textcolor="##FF2E2E2E" disabledtextcolor="#FFA7A6AA" font = "0" />
            <Button name="btnOK" text="确定" width="60" height="24" padding="0,4,0,0" textcolor="#FFEBEBEB" disabledtextcolor="#FFA7A6AA" font="0" align="center" normalimage=" file=&apos;SysBtn\blue_button_normal.png&apos; " hotimage=" file=&apos;SysBtn\blue_button_hover.png&apos; " pushedimage=" file=&apos;SysBtn\blue_button_pressed.png&apos; " padding="0,4,0,0"/>
            <Label width="6"/>
            <Button name="btnCancel" text="取消" width="60" height="24" normalimage=" file='SysBtn\button_normal.png' " hotimage=" file='SysBtn\button_hover.png' " pushedimage=" file='SysBtn\button_pressed.png' " textcolor="#FF2E2E2E" align="center,vcenter" font="0" padding="0,4,0,0" textcolor="#FF2E2E2E" disabledtextcolor="#FFA7A6AA" font="0" align="center" padding="0,4,0,0"/>
            <Label width="6"/>
        </HorizontalLayout>
    </VerticalLayout>
</Window>
