<?xml version="1.0" encoding="UTF-8"?>
<Window size="663,46" mininfo="663,46"> 
    <Font name="微软雅黑" size="14" bold="true" default="true" />
    <VerticalLayout>
      <HorizontalLayout bkcolor="#FFEBEBEB" bkcolor2="#FFEBEBEB" height="45" pos="0,0,663,45" float="true"> <!-- 整个窗口的背景色 -->
        <Option name="baskSettingBtn" selected="true" group="mainTab" text="基本设置" textcolor="#595959" hottextcolor="#80b6d7" pushedtextcolor="#3d7496" focusedtextcolor="#3d7496" selectedtextcolor="#3d7496" normalimage="file='SysBtn\setting_normal.png' dest='14,14,30,30'" hotimage="file='SysBtn\setting_hover.png' dest='14,14,30,30'" pushedimage="file='SysBtn\setting_pressed.png' dest='14,14,30,30'" focusedimage="file='SysBtn\setting_pressed.png' dest='14,14,30,30'" selectedimage="file='SysBtn\setting_pressed.png' dest='14,14,30,30'" pos="0,0,128,45" float="true" textpadding="44,12,0,0" align="left"/>
        <Option name="securitySettingBtn" group="mainTab" text="安全设置" textcolor="#595959" hottextcolor="#80b6d7" pushedtextcolor="#3d7496" focusedtextcolor="#3d7496" selectedtextcolor="#3d7496" normalimage="file='SysBtn\security_normal.png' dest='14,14,30,30'" hotimage="file='SysBtn\security_hover.png' dest='14,14,30,30'" pushedimage="file='SysBtn\security_pressed.png' dest='14,14,30,30'" focusedimage="file='SysBtn\security_pressed.png' dest='14,14,30,30'" selectedimage="file='SysBtn\security_pressed.png' dest='14,14,30,30'" pos="128,0,256,45" float="true" textpadding="44,12,0,0" align="left"/>
      </HorizontalLayout>
      <HorizontalLayout bkcolor="#FFD7D7D7" bkcolor2="#FFD7D7D7" height="1" pos="0,45,663,1" float="true"/>
    </VerticalLayout>
</Window>