<?xml version="1.0" encoding="UTF-8"?>
<Window size="135,28" mininfo="135,28"> <!-- 窗口的初始尺寸(宽800，高600)、窗口的最小尺寸(宽600，高400)、标题栏拖拽区域(高32)、可拖拽边框大小(这里添加sizebox后就可以拖拽边框调整大小了) -->
    <Font name="微软雅黑" size="12" bold="false" default="true" />
    <Font name="微软雅黑" size="12" bold="true"/>
    <Default name="VScrollBar" value="width=&quot;10&quot; button1normalimage=&quot;file='SysBtn\scrollbar.bmp' source='0,0,10,10'&quot; button1hotimage=&quot;file='SysBtn\scrollbar.bmp' source='11,0,21,10'&quot; button1pushedimage=&quot;file='SysBtn\scrollbar.bmp' source='22,0,32,10'&quot; button1disabledimage=&quot;file='SysBtn\scrollbar.bmp' source='0,0,10,10'&quot; button2normalimage=&quot;file='SysBtn\scrollbar.bmp' source='0,11,10,21'&quot; button2hotimage=&quot;file='SysBtn\scrollbar.bmp' source='11,11,21,21'&quot; button2pushedimage=&quot;file='SysBtn\scrollbar.bmp' source='22,11,32,21'&quot; button2disabledimage=&quot;file='SysBtn\scrollbar.bmp' source='0,11,10,21'&quot; bknormalimage=&quot;file='SysBtn\scrollbar.bmp' source='0,22,10,113' corner='4,4,4,4'&quot; bkhotimage=&quot;file='SysBtn\scrollbar.bmp' source='11,22,21,113' corner='4,4,4,4'&quot; bkpushedimage=&quot;file='SysBtn\scrollbar.bmp' source='22,22,32,113' corner='4,4,4,4'&quot; bkdisabledimage=&quot;file='SysBtn\scrollbar.bmp' source='0,22,10,113' corner='4,4,4,4'&quot; thumbnormalimage=&quot;file='SysBtn\scrollbar.bmp' source='33,0,43,35' corner='4,4,4,4'&quot; thumbhotimage=&quot;file='SysBtn\scrollbar.bmp' source='33,36,43,71' corner='4,4,4,4'&quot; thumbpushedimage=&quot;file='SysBtn\scrollbar.bmp' source='33,72,43,107' corner='4,4,4,4'&quot; thumbdisabledimage=&quot;file='SysBtn\scrollbar.bmp' source='33,0,43,35' corner='4,4,4,4'&quot;" />
    <HorizontalLayout bkcolor="#FFFFFFFF" bkcolor2="#FFFFFFFF" height="28" bordercolor="#FFD1D1D1" bordersize="1"> <!-- 整个窗口的背景色 -->
        <Combo name="ComboSel" float="true" pos="0,1,135,27" droptype="droplist" textpadding="38,1,1,1" itemtextpadding="10,0,0,0" itemendellipsis="true" normalimage="file='SysBtn\window_drop_down_hover.png' source='0,0,26,26' dest='107,0,133,26'" hotimage="file='SysBtn\window_drop_down_chat_normal.png' source='0,0,26,26' dest='107,0,133,26'" pushedimage="file='SysBtn\window_drop_down_chat_pressed.png' source='0,0,26,26' dest='107,0,133,26'">
        </Combo>  
        <Label name="Addr" textcolor="#FF000000" endellipsis="true" text="省份：" pos="10,1,50,27" float="true"/>
    </HorizontalLayout>
</Window>