<?xml version="1.0" encoding="utf-8" standalone="yes" ?>
<Window size="278,140" caption="0,0,0,26" mininfo="278,140" roundcorner="4,4">
	  <Font name="微软雅黑" size="12" bold="false" default="true" />
    <Font name="微软雅黑" size="12" bold="true"/>
    <VerticalLayout name= "background">
        <HorizontalLayout height="26">
        	  <Label name=""></Label>     
            <Button name="btnclose" tooltip="关闭" width="26" height="26" normalimage=" file='SysBtn\window_close_normal.png' " hotimage=" file='SysBtn\window_close_hover.png' " pushedimage=" file='SysBtn\window_close_pressed.png' "/>
        </HorizontalLayout>
        <HorizontalLayout>
            <HorizontalLayout name= "BkLayout" width="88"  height="88" padding="10,0,0,0" bkimage="SysBtn\icon_100x100_bg.png">
                 <ButtonGif name= "BtnPic" width="88" height="88" bkimage="SysBtn\icon_100x100_bg.png"/>
            </HorizontalLayout>
            <VerticalLayout>
                <Label name="nickNameLabel" padding="20,6,0,0" textcolor="#FFFFFFFF" disabledtextcolor="#FFA7A6AA" font="1"  endellipsis="true" /> 
                <Label name="ProfileLabel" padding="20,6,0,0" textcolor="#FFFFFFFF" disabledtextcolor="#FFA7A6AA" font="0" endellipsis="true" />
                <HorizontalLayout>
                    <Label name="levelSignLabel" text="等级：" width="40" height="20" padding="20,6,0,0" textcolor="#FFFFFFFF" disabledtextcolor="#FFA7A6AA" />
                    <Label name="levelLabel" textcolor="#FFFFFFFF" disabledtextcolor="#FFA7A6AA" padding="10,8,0,0" width="16" height="16" font="0" endellipsis="true" />
                    <Label name="levelSec" textcolor="#FFFFFFFF" disabledtextcolor="#FFA7A6AA" padding="0,8,0,0" width="16" height="16" font="0" endellipsis="true" />
                    <Label name="levelThird" textcolor="#FFFFFFFF" disabledtextcolor="#FFA7A6AA" padding="0,8,0,0" width="16" height="16" font="0" endellipsis="true" />
                </HorizontalLayout>
            </VerticalLayout>
        </HorizontalLayout>
    </VerticalLayout>
</Window>
