<?xml version="1.0" encoding="utf-8" standalone="yes" ?>
<Window size="278,160" caption="0,0,0,26" mininfo="278,160" roundcorner="4,4">
   <VerticalLayout bkcolor="#FFFFFFFF" bkcolor2="#FFFFFFFF">
        <HorizontalLayout bkcolor="#FFFFFFFF">
            <VerticalLayout bkimage="SysBtn\icon_100x100_bg.png" width="118" height="123" bkcolor="#FFEBEBEB">
               <ButtonGif name= "BtnPic" width="88" height="88"/>
            </VerticalLayout>
            <VerticalLayout>
                <HorizontalLayout height="3" />
                <HorizontalLayout height="32">
                        <Label text="昵称：" textpadding="10,0,0,0" width="70" textcolor="#FF2E2E2E" disabledtextcolor="#FFA7A6AA" />
                        <Label name="nickNameLabel" width="" padding="10,0,0,0" text="" width="100" endellipsis="true" font="0"></Label>
                </HorizontalLayout>
                <HorizontalLayout height="32">
                        <Label text="性别：" textpadding="10,0,0,0" width="70" textcolor="#FF2E2E2E" disabledtextcolor="#FFA7A6AA" />
                        <Label name="sexLabel" width="" padding="10,10,0,0" text="" width="100" endellipsis="true" font="0"></Label>
                </HorizontalLayout>
                <HorizontalLayout height="32">
                        <Label text="手机：" textpadding="10,0,0,0" width="70" textcolor="#FF2E2E2E" disabledtextcolor="#FFA7A6AA" />
                        <Label name="cellphoneLabel" width="" padding="10,10,0,0" text="" width="100" endellipsis="true" font="0"></Label>
                </HorizontalLayout>
                <HorizontalLayout height="32">
                        <Label text="分机：" textpadding="10,0,0,0" width="70" textcolor="#FF2E2E2E" disabledtextcolor="#FFA7A6AA" />
                        <Label name="telLabel" width="" padding="10,10,0,0" text="" width="100" endellipsis="true" font="0"></Label>
                </HorizontalLayout>
                <HorizontalLayout height="32">
                        <Label text="职务：" textpadding="10,0,0,0" width="70" textcolor="#FF2E2E2E" disabledtextcolor="#FFA7A6AA" />
                        <Label name="jobLabel" width="" padding="10,10,0,0" text="" width="100" endellipsis="true" font="0"></Label>
                </HorizontalLayout>
            </VerticalLayout>
        </HorizontalLayout>
    </VerticalLayout>
</Window>
