﻿<?xml version="1.0" encoding="UTF-8"?>
<Window size="482,140" mininfo="482,140" maxinfo="482,140" caption="0,0,0,190" bordercolor="#FF000000" bordersize="1" roundcorner="4,4,4,4"> <!-- 窗口的初始尺寸(宽800，高600)、窗口的最小尺寸(宽600，高400)、标题栏拖拽区域(高32)、可拖拽边框大小(这里添加sizebox后就可以拖拽边框调整大小了) -->
    <Font name="微软雅黑" size="12" default="true" />
    <Font name="微软雅黑" size="15" bold="true" />
    <Default name="VScrollBar" value="width=&quot;10&quot; button1normalimage=&quot;file='SysBtn\scrollbar.bmp' source='0,0,10,10'&quot; button1hotimage=&quot;file='SysBtn\scrollbar.bmp' source='11,0,21,10'&quot; button1pushedimage=&quot;file='SysBtn\scrollbar.bmp' source='22,0,32,10'&quot; button1disabledimage=&quot;file='SysBtn\scrollbar.bmp' source='0,0,10,10'&quot; button2normalimage=&quot;file='SysBtn\scrollbar.bmp' source='0,11,10,21'&quot; button2hotimage=&quot;file='SysBtn\scrollbar.bmp' source='11,11,21,21'&quot; button2pushedimage=&quot;file='SysBtn\scrollbar.bmp' source='22,11,32,21'&quot; button2disabledimage=&quot;file='SysBtn\scrollbar.bmp' source='0,11,10,21'&quot; bknormalimage=&quot;file='SysBtn\scrollbar.bmp' source='0,22,10,113' corner='4,4,4,4'&quot; bkhotimage=&quot;file='SysBtn\scrollbar.bmp' source='11,22,21,113' corner='4,4,4,4'&quot; bkpushedimage=&quot;file='SysBtn\scrollbar.bmp' source='22,22,32,113' corner='4,4,4,4'&quot; bkdisabledimage=&quot;file='SysBtn\scrollbar.bmp' source='0,22,10,113' corner='4,4,4,4'&quot; thumbnormalimage=&quot;file='SysBtn\scrollbar.bmp' source='33,0,43,35' corner='4,4,4,4'&quot; thumbhotimage=&quot;file='SysBtn\scrollbar.bmp' source='33,36,43,71' corner='4,4,4,4'&quot; thumbpushedimage=&quot;file='SysBtn\scrollbar.bmp' source='33,72,43,107' corner='4,4,4,4'&quot; thumbdisabledimage=&quot;file='SysBtn\scrollbar.bmp' source='33,0,43,35' corner='4,4,4,4'&quot;" />
    <VerticalLayout name="background" bkcolor="#FFF8F8F8"> <!-- 整个窗口的背景色 -->
        <!-- 标题栏区 -->
        <HorizontalLayout height="26">     
            <Label name="title" text="哞哞更新" textcolor="#FFFFFFFF" padding="10,2,0,0" align="left,vcenter"/>  
			<Button name="closebtn" tooltip="关闭" width="26" height="26" normalimage=" file='SysBtn\window_close_normal.png' " hotimage=" file='SysBtn\window_close_hover.png' " pushedimage=" file='SysBtn\window_close_pressed.png' "/>
        </HorizontalLayout>
<!-- 		<HorizontalLayout height = "100"> 
			<HorizontalLayout  height = "100" width = "100" padding="10,2,0,0" bkimage="SysBtn\icon_100x100_bg.png">
				<Label width = "100" bkimage="file='SysBtn\icon_100x100.png'"/>
			</HorizontalLayout>
			<Label name = "lblDownloadTips" width = "280" text="正在为您下载最新版本" align="center,vcenter" font="1" textcolor="#FF080808"/>
		</HorizontalLayout >  -->
		<Label height = "15" ></Label>
		<HorizontalLayout height="35">
			<Label width = "21" ></Label>
			<Label name = "lblDownloadRate" width = "100" text="总进度:0%" align="left,vcenter" font="1" textcolor="#FF2e2e2e"/>
		</HorizontalLayout>	
		<HorizontalLayout height="25">
			<Label width = "21" ></Label>
			<Progress name="prgDownload" bkcolor = "#00000000" width="440" height="10" bordercolor="#FF749FD3" bordersize="1" foreimage="BKImage\c1.png"  bkcolor="#00FFFFFF"	min="0" max="100" value="0" hor="true" align="center" roundcorner="4,4,4,4" />
		</HorizontalLayout>	
		<HorizontalLayout height="26">
			<Label></Label>
			<Button name="btnInstall" width="120" align="right,vcenter" normalimage=" file='SysBtn\button_normal.png' " hotimage=" file='SysBtn\button_hover.png' " pushedimage=" file='SysBtn\button_pressed.png' " text="安装最新版本" textcolor="#FF2e2e2e" align="center,vcenter" font="1"/>   
			<Label width = "21" ></Label>
		</HorizontalLayout>			
    </VerticalLayout>
</Window>