<?xml version="1.0" encoding="utf-8" standalone="yes" ?>
<Window size="382,247" mininfo="382,247">
    <Font name="微软雅黑" size="12" bold="false" italic="false" default="true" />
    <Font name="微软雅黑" size="12" bold="true" italic="false" />
    <VerticalLayout bkcolor="#FFFFFFFF" bkcolor2="#FFFFFFFF">
        <Label text="声音:" width="56" height="26" textpadding="20,0,0,0" textcolor="#FF2E2E2E" disabledtextcolor="#FFA7A6AA" font="1" />
        <HorizontalLayout height="26" padding="0,10,0,0" bkcolor="#FFD9E4EA">
            <Label text="声音类型" width="70" height="26" textpadding="20,0,0,0" textcolor="#FF2E2E2E" disabledtextcolor="#FFA7A6AA" font="0" />
            <Label text="|试听" width="40" height="26" padding="30,0,0,0"  textcolor="#FF2E2E2E" disabledtextcolor="#FFA7A6AA" font="0" />
            <Label text="|状态" width="40" height="26" textpadding="0,0,0,0" textcolor="#FF2E2E2E" disabledtextcolor="#FFA7A6AA" font="0" />
            <Label text="|声音文件" height="26" textpadding="0,0,0,0" textcolor="#FF2E2E2E" disabledtextcolor="#FFA7A6AA" font="0" align="left,vcenter" />
        </HorizontalLayout>
        <HorizontalLayout height = "26">
            <Label text="收到及时消息" width="93" height="26" textpadding="20,0,0,0" textcolor="#FF2E2E2E" disabledtextcolor="#FFA7A6AA" font="0" />
            <Button name="RecvOnce" width="26" height="26"  padding="5,0,0,0"  bkimage="SysBtn\voice-_setting_normal.png" textpadding="30,0,0,0" textcolor="#FF2E2E2E" disabledtextcolor="#FFA7A6AA" font="0" align="center" />
            <Option name="CheckRecvBtn" width="30" height="26" padding="20,0,0,0"  textcolor="#FF2E2E2E" disabledtextcolor="#FFA7A6AA" font="0" align="center" endellipsis="true" normalimage="file=&apos;SysBtn\check_box_normal.png&apos; source=&apos;0,0,16,16&apos; dest=&apos;0,4,16,20&apos;" hotimage="file=&apos;SysBtn\check_box_hover.png&apos; source=&apos;0,0,16,16&apos; dest=&apos;0,4,16,20&apos;" pushedtextcolor="#0050A8DE" hottextcolor="#0050A8DE" selectedimage="file=&apos;SysBtn\check_box_pressed.png&apos; source=&apos;0,0,16,16&apos; dest=&apos;0,4,16,20&apos;" />
            <Edit name="RecvPath" height="26" bkcolor="#FFFFFFFF" textpadding="5,0,0,0" textcolor="#FF2E2E2E" disabledtextcolor="#FFA7A6AA" font="0" align="left ,vcenter" />
            <Button name="VoiceChose" width="22" height="26" padding="20,0,0,0"  textcolor="#FF2E2E2E" disabledtextcolor="#FFA7A6AA" font="0" align="center" endellipsis="true" normalimage="file=&apos;SysBtn\files_normal.png&apos; source=&apos;0,0,16,16&apos; dest=&apos;0,4,16,20&apos;" hotimage="file=&apos;SysBtn\files_hover.png&apos; source=&apos;0,0,16,16&apos; dest=&apos;0,4,16,20&apos;" pushedtextcolor="#0050A8DE" hottextcolor="#0050A8DE" selectedimage="file=&apos;SysBtn\files_pressed.png&apos; source=&apos;0,0,16,16&apos; dest=&apos;0,4,16,20&apos;" />    
        </HorizontalLayout>
        <HorizontalLayout height = "26">
            <Label text="联系人上线" width="93" height="26" textpadding="20,0,0,0" textcolor="#FF2E2E2E" disabledtextcolor="#FFA7A6AA" font="0" />
            <Button name="Online" width="26" height="26"  padding="5,0,0,0"  bkimage="SysBtn\voice-_setting_normal.png" textpadding="30,0,0,0" textcolor="#FF2E2E2E" disabledtextcolor="#FFA7A6AA" font="0" align="center" />
            <Option name="CheckOnlineBtn" width="30" height="26" padding="20,0,0,0" textpadding="20,0,0,0" textcolor="#FF2E2E2E" disabledtextcolor="#FFA7A6AA" font="0" align="center" endellipsis="true" normalimage="file=&apos;SysBtn\check_box_normal.png&apos; source=&apos;0,0,16,16&apos; dest=&apos;0,4,16,20&apos;" hotimage="file=&apos;SysBtn\check_box_hover.png&apos; source=&apos;0,0,16,16&apos; dest=&apos;0,4,16,20&apos;" pushedtextcolor="#0050A8DE" hottextcolor="#0050A8DE" selectedimage="file=&apos;SysBtn\check_box_pressed.png&apos; source=&apos;0,0,16,16&apos; dest=&apos;0,4,16,20&apos;" />
            <Edit name="OnlinePath"  height="26" bkcolor="#FFFFFFFF" textpadding="5,0,0,0" textcolor="#FF2E2E2E" disabledtextcolor="#FFA7A6AA" font="0" align="left ,vcenter" />
            <Button name="OnlineChose" width="22" height="26" padding="20,0,0,0"  textcolor="#FF2E2E2E" disabledtextcolor="#FFA7A6AA" font="0" align="center" endellipsis="true" normalimage="file=&apos;SysBtn\files_normal.png&apos; source=&apos;0,0,16,16&apos; dest=&apos;0,4,16,20&apos;" hotimage="file=&apos;SysBtn\files_hover.png&apos; source=&apos;0,0,16,16&apos; dest=&apos;0,4,16,20&apos;" pushedtextcolor="#0050A8DE" hottextcolor="#0050A8DE" selectedimage="file=&apos;SysBtn\files_pressed.png&apos; source=&apos;0,0,16,16&apos; dest=&apos;0,4,16,20&apos;" />    
        </HorizontalLayout>
       <HorizontalLayout height = "26">
            <Label text="系统消息" width="93" height="26" textpadding="20,0,0,0" textcolor="#FF2E2E2E" disabledtextcolor="#FFA7A6AA" font="0" />
            <Button name="SysMsg" width="26" height="26"  padding="5,0,0,0"  bkimage="SysBtn\voice-_setting_normal.png" textpadding="30,0,0,0" textcolor="#FF2E2E2E" disabledtextcolor="#FFA7A6AA" font="0" align="center" />
            <Option name="CheckSysBtn" width="30" height="26" padding="20,0,0,0" textpadding="20,0,0,0" textcolor="#FF2E2E2E" disabledtextcolor="#FFA7A6AA" font="0" align="center" endellipsis="true" normalimage="file=&apos;SysBtn\check_box_normal.png&apos; source=&apos;0,0,16,16&apos; dest=&apos;0,4,16,20&apos;" hotimage="file=&apos;SysBtn\check_box_hover.png&apos; source=&apos;0,0,16,16&apos; dest=&apos;0,4,16,20&apos;" pushedtextcolor="#0050A8DE" hottextcolor="#0050A8DE" selectedimage="file=&apos;SysBtn\check_box_pressed.png&apos; source=&apos;0,0,16,16&apos; dest=&apos;0,4,16,20&apos;" />
            <Edit name="SysPath" height="26" bkcolor="#FFFFFFFF" textpadding="5,0,0,0" textcolor="#FF2E2E2E" disabledtextcolor="#FFA7A6AA" font="0" align="left ,vcenter" />
            <Button name="SysChose" width="22" height="26" padding="20,0,0,0"  textcolor="#FF2E2E2E" disabledtextcolor="#FFA7A6AA" font="0" align="center" endellipsis="true" normalimage="file=&apos;SysBtn\files_normal.png&apos; source=&apos;0,0,16,16&apos; dest=&apos;0,4,16,20&apos;" hotimage="file=&apos;SysBtn\files_hover.png&apos; source=&apos;0,0,16,16&apos; dest=&apos;0,4,16,20&apos;" pushedtextcolor="#0050A8DE" hottextcolor="#0050A8DE" selectedimage="file=&apos;SysBtn\files_pressed.png&apos; source=&apos;0,0,16,16&apos; dest=&apos;0,4,16,20&apos;" />    
        </HorizontalLayout>
        <HorizontalLayout height = "26">
            <Label text="闪屏振动" width="93" height="26" textpadding="20,0,0,0" textcolor="#FF2E2E2E" disabledtextcolor="#FFA7A6AA" font="0" />
            <Button name="Shake" width="26" height="26"  padding="5,0,0,0"  bkimage="SysBtn\voice-_setting_normal.png" textpadding="30,0,0,0" textcolor="#FF2E2E2E" disabledtextcolor="#FFA7A6AA" font="0" align="center" />
            <Option name="CheckShakeBtn" width="30" height="26" padding="20,0,0,0" textpadding="20,0,0,0" textcolor="#FF2E2E2E" disabledtextcolor="#FFA7A6AA" font="0" align="center" endellipsis="true" normalimage="file=&apos;SysBtn\check_box_normal.png&apos; source=&apos;0,0,16,16&apos; dest=&apos;0,4,16,20&apos;" hotimage="file=&apos;SysBtn\check_box_hover.png&apos; source=&apos;0,0,16,16&apos; dest=&apos;0,4,16,20&apos;" pushedtextcolor="#0050A8DE" hottextcolor="#0050A8DE" selectedimage="file=&apos;SysBtn\check_box_pressed.png&apos; source=&apos;0,0,16,16&apos; dest=&apos;0,4,16,20&apos;" />
            <Edit name="ShakePath" height="26" bkcolor="#FFFFFFFF" textpadding="5,0,0,0" textcolor="#FF2E2E2E" disabledtextcolor="#FFA7A6AA" font="0" align="left ,vcenter" />
            <Button name="ShakeChose" width="22" height="26" padding="20,0,0,0"  textcolor="#FF2E2E2E" disabledtextcolor="#FFA7A6AA" font="0" align="center" endellipsis="true" normalimage="file=&apos;SysBtn\files_normal.png&apos; source=&apos;0,0,16,16&apos; dest=&apos;0,4,16,20&apos;" hotimage="file=&apos;SysBtn\files_hover.png&apos; source=&apos;0,0,16,16&apos; dest=&apos;0,4,16,20&apos;" pushedtextcolor="#0050A8DE" hottextcolor="#0050A8DE" selectedimage="file=&apos;SysBtn\files_pressed.png&apos; source=&apos;0,0,16,16&apos; dest=&apos;0,4,16,20&apos;" />    
        </HorizontalLayout>
    </VerticalLayout>
</Window>
